id,name,countryId
0,Unknown State,0
3901,Badakhshan,1
3871,Badghis,1
3875,Baghlan,1
3884,Balkh,1
3872,Bamyan,1
3892,Daykundi,1
3899,Farah,1
3889,Faryab,1
3870,Ghazni,1
3888,Ghōr,1
3873,Helmand,1
3887,Herat,1
3886,Jowzjan,1
3902,Kabul,1
3890,Kandahar,1
3879,Kapisa,1
3878,Khost,1
3876,Kunar,1
3900,Kunduz Province,1
3891,Laghman,1
3897,Logar,1
3882,Nangarhar,1
3896,Nimruz,1
3880,Nuristan,1
3894,Paktia,1
3877,Paktika,1
3881,Panjshir,1
3895,Parwan,1
3883,Samangan,1
3885,Sar-e Pol,1
3893,Takhar,1
3898,Urozgan,1
3874,Zabul,1
5298,Brändö,2
5294,Eckerö,2
5289,Finström,2
5295,Föglö,2
5296,Geta,2
5292,Hammarland,2
5288,Jomala,2
5301,Kökar,2
5300,Kumlinge,2
5290,Lemland,2
5299,Lumparland,2
5287,Mariehamn,2
5291,Saltvik,2
5302,Sottunga,2
5293,Sund,2
5297,Vårdö,2
629,Berat,3
603,Berat,3
607,Bulqizë,3
618,Delvinë,3
608,Devoll,3
610,Dibër,3
605,Dibër,3
639,Durrës,3
632,Durrës,3
598,Elbasan,3
627,Fier,3
631,Fier,3
621,Gjirokastër,3
604,Gjirokastër,3
617,Gramsh,3
600,Has,3
594,Kavajë,3
628,Kolonjë,3
630,Korçë,3
597,Korçë,3
614,Krujë,3
612,Kuçovë,3
623,Kukës,3
601,Kukës,3
622,Kurbin,3
609,Lezhë,3
595,Lezhë,3
596,Librazhd,3
599,Lushnjë,3
602,Malësi e Madhe,3
637,Mallakastër,3
635,Mat,3
638,Mirditë,3
619,Peqin,3
625,Përmet,3
606,Pogradec,3
620,Pukë,3
624,Sarandë,3
611,Shkodër,3
626,Shkodër,3
593,Skrapar,3
616,Tepelenë,3
633,Tirana,3
615,Tirana,3
636,Tropojë,3
634,Vlorë,3
613,Vlorë,3
1118,Adrar,4
1119,Aïn Defla,4
1122,Aïn Témouchent,4
1144,Algiers,4
1103,Annaba,4
1142,Batna,4
1108,Béchar,4
1128,Béjaïa,4
4909,Béni Abbès,4
1114,Biskra,4
1111,Blida,4
4908,Bordj Baji Mokhtar,4
1116,Bordj Bou Arréridj,4
1104,Bouïra,4
1125,Boumerdès,4
1105,Chlef,4
1121,Constantine,4
4912,Djanet,4
1098,Djelfa,4
1129,El Bayadh,4
4905,El M'ghair,4
4906,El Menia,4
1099,El Oued,4
1100,El Tarf,4
1127,Ghardaïa,4
1137,Guelma,4
1112,Illizi,4
4914,In Guezzam,4
4913,In Salah,4
1113,Jijel,4
1126,Khenchela,4
1138,Laghouat,4
1134,M'Sila,4
1124,Mascara,4
1109,Médéa,4
1132,Mila,4
1140,Mostaganem,4
1102,Naama,4
1101,Oran,4
1139,Ouargla,4
4907,Ouled Djellal,4
1136,Oum El Bouaghi,4
1130,Relizane,4
1123,Saïda,4
1141,Sétif,4
4902,Sidi Bel Abbès,4
1110,Skikda,4
1143,Souk Ahras,4
1135,Tamanghasset,4
1117,Tébessa,4
1106,Tiaret,4
4910,Timimoun,4
1120,Tindouf,4
1115,Tipasa,4
1133,Tissemsilt,4
1131,Tizi Ouzou,4
1107,Tlemcen,4
4911,Touggourt,4
488,Andorra la Vella,6
489,Canillo,6
487,Encamp,6
492,Escaldes-Engordany,6
493,La Massana,6
491,Ordino,6
490,Sant Julià de Lòria,6
221,Bengo,7
218,Benguela,7
212,Bié,7
228,Cabinda,7
226,Cuando Cubango,7
216,Cuanza,7
217,Cuanza Norte,7
215,Cunene,7
213,Huambo,7
225,Huíla,7
222,Luanda,7
223,Lunda Norte,7
220,Lunda Sul,7
227,Malanje,7
219,Moxico,7
224,Uíge,7
214,Zaire,7
5273,Blowing Point,8
5274,East End,8
5275,George Hill,8
5276,Island Harbour,8
5277,North Hill,8
5278,North Side,8
5279,Sandy Ground,8
5280,Sandy Hill,8
5281,South Hill,8
5282,Stoney Ground,8
5283,The Farrington,8
5284,The Quarter,8
5285,The Valley,8
5286,West End,8
3708,Barbuda,10
3703,Redonda,10
3709,Saint George,10
3706,Saint John,10
3707,Saint Mary,10
3705,Saint Paul,10
3704,Saint Peter,10
3710,Saint Philip,10
3656,Buenos Aires,11
3647,Catamarca,11
3640,Chaco,11
3651,Chubut,11
4880,Ciudad Autónoma de Buenos Aires,11
3642,Córdoba,11
3638,Corrientes,11
3654,Entre Ríos,11
3652,Formosa,11
3645,Jujuy,11
3655,La Pampa,11
3653,La Rioja,11
3646,Mendoza,11
3644,Misiones,11
3648,Neuquén,11
3639,Río Negro,11
3643,Salta,11
3634,San Juan,11
3636,San Luis,11
3649,Santa Cruz,11
3641,Santa Fe,11
3635,Santiago del Estero,11
3650,Tierra del Fuego,11
3637,Tucumán,11
2023,Aragatsotn,12
2024,Ararat,12
2026,Armavir,12
2028,Gegharkunik,12
2033,Kotayk,12
2029,Lori,12
2031,Shirak,12
2027,Syunik,12
2032,Tavush,12
2025,Vayots Dzor,12
2030,Yerevan,12
5243,Noord,13
5245,Oranjestad East,13
5244,Oranjestad West,13
5246,Paradera,13
5247,San Nicolaas Noord,13
5248,San Nicolaas Zuid,13
5249,Santa Cruz,13
5250,Savaneta,13
3907,Australian Capital Territory,14
3909,New South Wales,14
3910,Northern Territory,14
3905,Queensland,14
3904,South Australia,14
3908,Tasmania,14
3903,Victoria,14
3906,Western Australia,14
2062,Burgenland,15
2057,Carinthia,15
2065,Lower Austria,15
2061,Salzburg,15
2059,Styria,15
2064,Tyrol,15
2058,Upper Austria,15
2060,Vienna,15
2063,Vorarlberg,15
540,Absheron,16
559,Agdam,16
553,Agdash,16
577,Aghjabadi,16
543,Agstafa,16
547,Agsu,16
528,Astara,16
575,Babek,16
552,Baku,16
560,Balakan,16
569,Barda,16
554,Beylagan,16
532,Bilasuvar,16
561,Dashkasan,16
527,Fizuli,16
585,Ganja,16
589,Gədəbəy,16
573,Gobustan,16
551,Goranboy,16
531,Goychay,16
574,Goygol,16
571,Hajigabul,16
544,Imishli,16
564,Ismailli,16
570,Jabrayil,16
578,Jalilabad,16
572,Julfa,16
525,Kalbajar,16
567,Kangarli,16
590,Khachmaz,16
537,Khizi,16
524,Khojali,16
549,Kurdamir,16
541,Lachin,16
587,Lankaran,16
558,Lankaran,16
546,Lerik,16
568,Martuni,16
555,Masally,16
580,Mingachevir,16
562,Nakhchivan,16
530,Neftchala,16
556,Oghuz,16
534,Ordubad,16
542,Qabala,16
526,Qakh,16
521,Qazakh,16
563,Quba,16
548,Qubadli,16
588,Qusar,16
557,Saatly,16
565,Sabirabad,16
522,Sadarak,16
545,Salyan,16
536,Samukh,16
591,Shabran,16
579,Shahbuz,16
518,Shaki,16
586,Shaki,16
529,Shamakhi,16
583,Shamkir,16
535,Sharur,16
520,Shirvan,16
592,Shusha,16
584,Siazan,16
582,Sumqayit,16
519,Tartar,16
533,Tovuz,16
539,Ujar,16
550,Yardymli,16
538,Yevlakh,16
523,Yevlakh,16
581,Zangilan,16
566,Zaqatala,16
576,Zardab,16
1992,Capital,18
1996,Central,18
1995,Muharraq,18
1994,Northern,18
1993,Southern,18
807,Barisal ,19
803,Chittagong ,19
760,Dhaka ,19
775,Khulna ,19
758,Mymensingh ,19
753,Rajshahi ,19
750,Rangpur ,19
765,Sylhet ,19
1228,Christ Church,20
1229,Saint Andrew,20
1226,Saint George,20
1224,Saint James,20
1227,Saint John,20
1223,Saint Joseph,20
1221,Saint Lucy,20
1230,Saint Michael,20
1222,Saint Peter,20
1220,Saint Philip,20
1225,Saint Thomas,20
2959,Brest,21
2955,Gomel,21
2956,Grodno,21
2957,Minsk,21
2958,Minsk,21
2954,Mogilev,21
2960,Vitebsk,21
1381,Antwerp,22
1376,Brussels-Capital ,22
1377,East Flanders,22
1373,Flanders,22
1374,Flemish Brabant,22
1375,Hainaut,22
1384,Liège,22
1372,Limburg,22
1379,Luxembourg,22
1378,Namur,22
1380,Wallonia,22
1382,Walloon Brabant,22
1383,West Flanders,22
264,Belize,23
269,Cayo,23
266,Corozal,23
268,Orange Walk,23
265,Stann Creek,23
267,Toledo,23
3077,Alibori,24
3076,Atakora,24
3079,Atlantique,24
3078,Borgou,24
3070,Collines,24
3072,Donga,24
3071,Kouffo,24
3081,Littoral,24
3075,Mono,24
3080,Ouémé,24
3074,Plateau,24
3073,Zou,24
4860,Devonshire,25
4861,Hamilton,25
4863,Paget,25
4864,Pembroke,25
4866,Saint George's,25
4867,Sandys,25
4868,Smith's,25
4869,Southampton,25
4870,Warwick,25
240,Bumthang ,26
239,Chukha ,26
238,Dagana ,26
229,Gasa ,26
232,Haa ,26
234,Lhuntse ,26
242,Mongar ,26
237,Paro ,26
244,Pemagatshel ,26
235,Punakha ,26
243,Samdrup Jongkhar ,26
246,Samtse ,26
247,Sarpang ,26
241,Thimphu ,26
5242,"Trashi Yangtse	",26
236,Trashigang ,26
245,Trongsa ,26
230,Tsirang ,26
231,Wangdue Phodrang ,26
233,Zhemgang ,26
3375,Beni,27
3382,Chuquisaca,27
3381,Cochabamba,27
3380,La Paz,27
3376,Oruro,27
3379,Pando,27
3383,Potosí,27
3377,Santa Cruz,27
3378,Tarija,27
5086,Bonaire,155
5087,Saba,155
5088,Sint Eustatius,155
472,Bosnian Podrinje,28
460,Brčko,28
471,Canton 10,28
462,Central Bosnia,28
467,Federation of Bosnia and Herzegovina,28
463,Herzegovina-Neretva,28
464,Posavina,28
470,Republika Srpska,28
466,Sarajevo,28
461,Tuzla,28
465,Una-Sana,28
469,West Herzegovina,28
468,Zenica-Doboj,28
3067,Central,29
3061,Ghanzi,29
3066,Kgalagadi,29
3062,Kgatleng,29
3069,Kweneng,29
3060,Ngamiland,29
3068,North-East,29
3065,North-West,29
3064,South-East,29
3063,Southern,29
2012,Acre,31
2007,Alagoas,31
1999,Amapá,31
2004,Amazonas,31
2002,Bahia,31
2016,Ceará,31
2017,Distrito Federal,31
2018,Espírito Santo,31
2000,Goiás,31
2015,Maranhão,31
2011,Mato Grosso,31
2010,Mato Grosso do Sul,31
1998,Minas Gerais,31
2009,Pará,31
2005,Paraíba,31
2022,Paraná,31
2006,Pernambuco,31
2008,Piauí,31
1997,Rio de Janeiro,31
2019,Rio Grande do Norte,31
2001,Rio Grande do Sul,31
2013,Rondônia,31
4858,Roraima,31
2014,Santa Catarina,31
2021,São Paulo,31
2003,Sergipe,31
2020,Tocantins,31
1217,Belait,33
1216,Brunei-Muara,33
1218,Temburong,33
1219,Tutong,33
4699,Blagoevgrad,34
4715,Burgas,34
4718,Dobrich,34
4693,Gabrovo,34
4704,Haskovo,34
4702,Kardzhali,34
4703,Kyustendil,34
4710,Lovech,34
4696,Montana,34
4712,Pazardzhik,34
4695,Pernik,34
4706,Pleven,34
4701,Plovdiv,34
4698,Razgrad,34
4713,Ruse,34
4882,Shumen,34
4708,Silistra,34
4700,Sliven,34
4694,Smolyan,34
4719,Sofia,34
4705,Sofia City,34
4707,Stara Zagora,34
4714,Targovishte,34
4717,Varna,34
4709,Veliko Tarnovo,34
4697,Vidin,34
4711,Vratsa,34
4716,Yambol,34
3160,Balé,35
3155,Bam,35
3120,Banwa,35
3152,Bazèga,35
3138,Boucle du Mouhoun,35
3121,Bougouriba,35
3131,Boulgou,35
3153,Cascades,35
3136,Centre,35
3162,Centre-Est,35
3127,Centre-Nord,35
3115,Centre-Ouest,35
3149,Centre-Sud,35
3167,Comoé,35
3158,Est,35
3148,Ganzourgou,35
3122,Gnagna,35
3143,Gourma,35
3165,Hauts-Bassins,35
3129,Houet,35
3135,Ioba,35
3168,Kadiogo,35
3112,Kénédougou,35
3132,Komondjari,35
3157,Kompienga,35
3146,Kossi,35
3133,Koulpélogo,35
3161,Kouritenga,35
3147,Kourwéogo,35
3159,Léraba,35
3151,Loroum,35
3123,Mouhoun,35
3116,Nahouri,35
3113,Namentenga,35
3142,Nayala,35
3164,Nord,35
3156,Noumbiel,35
3141,Oubritenga,35
3144,Oudalan,35
3117,Passoré,35
3125,Plateau-Central,35
3163,Poni,35
3114,Sahel,35
3154,Sanguié,35
3126,Sanmatenga,35
3139,Séno,35
3119,Sissili,35
3166,Soum,35
3137,Sourou,35
3140,Sud-Ouest,35
3128,Tapoa,35
3134,Tuy,35
3124,Yagha,35
3150,Yatenga,35
3145,Ziro,35
3130,Zondoma,35
3118,Zoundwéogo,35
3196,Bubanza,36
3198,Bujumbura Mairie,36
3200,Bujumbura Rural,36
3202,Bururi,36
3201,Cankuzo,36
3190,Cibitoke,36
3197,Gitega,36
3194,Karuzi,36
3192,Kayanza,36
3195,Kirundo,36
3188,Makamba,36
3193,Muramvya,36
3186,Muyinga,36
3187,Mwaro,36
3199,Ngozi,36
3185,Rumonge,36
3189,Rutana,36
3191,Ruyigi,36
3984,Banteay Meanchey,37
3976,Battambang,37
3991,Kampong Cham,37
3979,Kampong Chhnang,37
3988,Kampong Speu,37
5070,Kampong Thom,37
3981,Kampot,37
3983,Kandal,37
3978,Kep,37
3982,Koh Kong,37
3986,Kratie,37
3985,Mondulkiri,37
3987,Oddar Meanchey,37
3980,Pailin,37
3994,Phnom Penh,37
3973,Preah Vihear,37
3974,Prey Veng,37
3977,Pursat,37
3990,Ratanakiri,37
3992,Siem Reap,37
3989,Sihanoukville,37
3993,Stung Treng,37
3972,Svay Rieng,37
3975,Takeo,37
2663,Adamawa,38
2660,Centre,38
2661,East,38
2656,Far North,38
2662,Littoral,38
2665,North,38
2657,Northwest,38
2659,South,38
2658,Southwest,38
2664,West,38
872,Alberta,39
875,British Columbia,39
867,Manitoba,39
868,New Brunswick,39
877,Newfoundland and Labrador,39
878,Northwest Territories,39
874,Nova Scotia,39
876,Nunavut,39
866,Ontario,39
871,Prince Edward Island,39
873,Quebec,39
870,Saskatchewan,39
869,Yukon,39
2994,Barlavento Islands,40
2999,Boa Vista,40
2996,Brava,40
2991,Maio,40
2987,Mosteiros,40
2997,Paul,40
2989,Porto Novo,40
2988,Praia,40
2982,Ribeira Brava,40
3002,Ribeira Grande,40
2984,Ribeira Grande de Santiago,40
2998,Sal,40
2985,Santa Catarina,40
2995,Santa Catarina do Fogo,40
3004,Santa Cruz,40
2986,São Domingos,40
3000,São Filipe,40
2993,São Lourenço dos Órgãos,40
2990,São Miguel,40
3001,São Vicente,40
2992,Sotavento Islands,40
2983,Tarrafal,40
3003,Tarrafal de São Nicolau,40
5252,Cayman Brac,41
5251,Grand Cayman,41
5253,Little Cayman,41
1259,Bamingui-Bangoran,42
1262,Bangui,42
1264,Basse-Kotto,42
1258,Haut-Mbomou,42
1268,Haute-Kotto,42
1263,Kémo,42
1256,Lobaye,42
1257,Mambéré-Kadéï,42
1266,Mbomou,42
1253,Nana-Grébizi,42
1260,Nana-Mambéré,42
1255,Ombella-M'Poko,42
1265,Ouaka,42
1254,Ouham,42
1267,Ouham-Pendé,42
1252,Sangha-Mbaéré,42
1261,Vakaga,42
3583,Bahr el Gazel,43
3590,Batha,43
3574,Borkou,43
5114,Chari-Baguirmi,43
3575,Ennedi-Est,43
3584,Ennedi-Ouest,43
3576,Guéra,43
3573,Hadjer-Lamis,43
3588,Kanem,43
3577,Lac,43
3585,Logone Occidental,43
3591,Logone Oriental,43
3589,Mandoul,43
3580,Mayo-Kebbi Est,43
3571,Mayo-Kebbi Ouest,43
3570,Moyen-Chari,43
3586,N'Djamena,43
3582,Ouaddaï,43
3592,Salamat,43
3572,Sila,43
3579,Tandjilé,43
3587,Tibesti,43
3581,Wadi Fira,43
2828,Aisén del General Carlos Ibañez del Campo,44
2832,Antofagasta,44
2829,Arica y Parinacota,44
2823,Atacama,44
2827,Biobío,44
2825,Coquimbo,44
2826,La Araucanía,44
2838,Libertador General Bernardo O'Higgins,44
2835,Los Lagos,44
2834,Los Ríos,44
2836,Magallanes y de la Antártica Chilena,44
2833,Maule,44
2831,Ñuble,44
2824,Región Metropolitana de Santiago,44
2837,Tarapacá,44
2830,Valparaíso,44
2251,Anhui,45
2257,Beijing,45
2271,Chongqing,45
2248,Fujian,45
2275,Gansu,45
2279,Guangdong,45
2278,Guangxi Zhuang,45
2261,Guizhou,45
2273,Hainan,45
2280,Hebei,45
2265,Heilongjiang,45
2259,Henan,45
2267,Hong Kong SAR,45
2274,Hubei,45
2258,Hunan,45
2269,Inner Mongolia,45
2250,Jiangsu,45
2256,Jiangxi,45
2253,Jilin,45
2268,Liaoning,45
2266,Macau SAR,45
2262,Ningxia Huizu,45
2270,Qinghai,45
2272,Shaanxi,45
2252,Shandong,45
2249,Shanghai,45
2254,Shanxi,45
2277,Sichuan,45
2255,Taiwan,45
2276,Tianjin,45
2263,Xinjiang,45
2264,Xizang,45
2260,Yunnan,45
2247,Zhejiang,45
2895,Amazonas,48
2890,Antioquia,48
2881,Arauca,48
2880,Atlántico,48
4921,Bogotá D.C.,48
2893,Bolívar,48
2903,Boyacá,48
2887,Caldas,48
2891,Caquetá,48
2892,Casanare,48
2884,Cauca,48
2899,Cesar,48
2876,Chocó,48
2898,Córdoba,48
2875,Cundinamarca,48
2882,Guainía,48
2888,Guaviare,48
4871,Huila,48
2889,La Guajira,48
2886,Magdalena,48
2878,Meta,48
2897,Nariño,48
2877,Norte de Santander,48
2896,Putumayo,48
2874,Quindío,48
2879,Risaralda,48
2900,"San Andrés, Providencia y Santa Catalina",48
2901,Santander,48
2902,Sucre,48
2883,Tolima,48
2904,Valle del Cauca,48
2885,Vaupés,48
2894,Vichada,48
2821,Anjouan,49
2822,Grande Comore,49
2820,Mohéli,49
2866,Bouenza,50
2870,Brazzaville,50
2864,Cuvette,50
2869,Cuvette-Ouest,50
2867,Kouilou,50
2868,Lékoumou,50
2865,Likouala,50
2872,Niari,50
2862,Plateaux,50
2863,Pointe-Noire,50
2873,Pool,50
2871,Sangha,50
1215,Alajuela,53
1211,Cartago,53
1209,Guanacaste,53
1212,Heredia,53
1213,Limón,53
1210,Puntarenas,53
1214,San José,53
2634,Abidjan,54
2626,Agnéby,54
2636,Bafing,54
2643,Bas-Sassandra,54
2635,Bas-Sassandra,54
2654,Comoé,54
2644,Denguélé,54
2642,Denguélé,54
2645,Dix-Huit Montagnes,54
2633,Fromager,54
2651,Gôh-Djiboua,54
2638,Haut-Sassandra,54
2640,Lacs,54
2632,Lacs,54
2639,Lagunes,54
2627,Lagunes,54
2631,Marahoué,54
2629,Montagnes,54
2646,Moyen-Cavally,54
2630,Moyen-Comoé,54
2655,N'zi-Comoé,54
2648,Sassandra-Marahoué,54
2625,Savanes,54
2628,Sud-Bandama,54
2652,Sud-Comoé,54
2647,Vallée du Bandama,54
2637,Vallée du Bandama,54
2650,Woroba,54
2649,Worodougou,54
2653,Yamoussoukro,54
2641,Zanzan,54
734,Bjelovar-Bilogora,55
737,Brod-Posavina,55
728,Dubrovnik-Neretva,55
743,Istria,55
5069,Karlovac,55
742,Koprivnica-Križevci,55
729,Krapina-Zagorje,55
731,Lika-Senj,55
726,Međimurje,55
740,Osijek-Baranja,55
724,Požega-Slavonia,55
735,Primorje-Gorski Kotar,55
730,Šibenik-Knin,55
733,Sisak-Moslavina,55
725,Split-Dalmatia,55
739,Varaždin,55
732,Virovitica-Podravina,55
741,Vukovar-Syrmia,55
727,Zadar,55
736,Zagreb,55
738,Zagreb,55
283,Artemisa,56
286,Camagüey,56
282,Ciego de Ávila,56
287,Cienfuegos,56
275,Granma,56
285,Guantánamo,56
272,Havana,56
279,Holguín,56
278,Isla de la Juventud,56
281,Las Tunas,56
284,Matanzas,56
276,Mayabeque,56
277,Pinar del Río,56
274,Sancti Spíritus,56
273,Santiago de Cuba,56
280,Villa Clara,56
749,Famagusta (Mağusa),57
744,Kyrenia (Keryneia),57
747,Larnaca (Larnaka),57
748,Limassol (Leymasun),57
745,Nicosia (Lefkoşa),57
746,Paphos (Pafos),57
4627,Benešov,58
4620,Beroun,58
4615,Blansko,58
4542,Břeclav,58
4568,Brno-město,58
4545,Brno-venkov,58
4644,Bruntál,58
4633,Česká Lípa,58
4556,České Budějovice,58
4543,Český Krumlov,58
4573,Cheb,58
4553,Chomutov,58
4634,Chrudim,58
4609,Děčín,58
4641,Domažlice,58
4559,Frýdek-Místek,58
4611,Havlíčkův Brod,58
4561,Hodonín,58
4580,Hradec Králové,58
4612,Jablonec nad Nisou,58
4625,Jeseník,58
4640,Jičín,58
4613,Jihlava,58
4639,Jihočeský kraj,58
4602,Jihomoravský kraj,58
4624,Jindřichův Hradec,58
4581,Karlovarský kraj,58
4604,Karlovy Vary,58
4586,Karviná,58
4631,Kladno,58
4591,Klatovy,58
4618,Kolín,58
4575,Kraj Vysočina,58
4614,Královéhradecký kraj,58
4593,Kroměříž,58
4923,Kutná Hora,58
4590,Liberec,58
4601,Liberecký kraj,58
4605,Litoměřice,58
4617,Louny,58
4638,Mělník,58
4643,Mladá Boleslav,58
4600,Moravskoslezský kraj,58
4629,Most,58
4550,Náchod,58
4548,Nový Jičín,58
4582,Nymburk,58
4574,Olomouc,58
4589,Olomoucký kraj,58
4623,Opava,58
4584,Ostrava-město,58
4547,Pardubice,58
4588,Pardubický kraj,58
4645,Pelhřimov,58
4560,Písek,58
4608,Plzeň-jih,58
4544,Plzeň-město,58
4564,Plzeň-sever,58
4607,Plzeňský kraj,58
4578,Prachatice,58
4606,Praha-východ,58
4619,Praha-západ,58
4598,"Praha, Hlavní město",58
4626,Přerov,58
4546,Příbram,58
4551,Prostějov,58
4558,Rakovník,58
4583,Rokycany,58
4636,Rychnov nad Kněžnou,58
4596,Semily,58
4595,Sokolov,58
4628,Strakonice,58
4554,Středočeský kraj,58
4642,Šumperk,58
4571,Svitavy,58
4565,Tábor,58
4646,Tachov,58
4621,Teplice,58
4597,Třebíč,58
4579,Trutnov,58
4592,Uherské Hradiště,58
4576,Ústecký kraj,58
4599,Ústí nad Labem,58
4647,Ústí nad Orlicí,58
4572,Vsetín,58
4622,Vyškov,58
4648,Žďár nad Sázavou,58
4563,Zlín,58
4552,Zlínský kraj,58
4630,Znojmo,58
2753,Bas-Uélé,51
2744,Équateur,51
2750,Haut-Katanga,51
2758,Haut-Lomami,51
2734,Haut-Uélé,51
2751,Ituri,51
2757,Kasaï,51
2742,Kasaï Central,51
2735,Kasaï Oriental,51
2741,Kinshasa,51
2746,Kongo Central,51
2740,Kwango,51
2759,Kwilu,51
2747,Lomami,51
4953,Lualaba,51
2755,Mai-Ndombe,51
2745,Maniema,51
2752,Mongala,51
2749,Nord-Kivu,51
2739,Nord-Ubangi,51
2743,Sankuru,51
2738,Sud-Kivu,51
2748,Sud-Ubangi,51
2733,Tanganyika,51
2756,Tshopo,51
2732,Tshuapa,51
1531,Central Denmark,59
1530,Denmark,59
1532,North Denmark,59
1529,Southern Denmark,59
1528,Zealand,59
2933,Ali Sabieh,60
2932,Arta,60
2930,Dikhil,60
2929,Djibouti,60
2928,Obock,60
2931,Tadjourah,60
4082,Saint Andrew,61
4078,Saint David,61
4079,Saint George,61
4076,Saint John,61
4085,Saint Joseph,61
4083,Saint Luke,61
4077,Saint Mark,61
4080,Saint Patrick,61
4084,Saint Paul,61
4081,Saint Peter,61
4114,Azua,62
4105,Baoruco,62
4090,Barahona,62
4107,Dajabón,62
4095,Distrito Nacional,62
4113,Duarte,62
4086,El Seibo,62
4102,Espaillat,62
4106,Hato Mayor,62
4089,Hermanas Mirabal,62
4097,Independencia,62
4109,La Altagracia,62
4087,La Romana,62
4116,La Vega,62
4094,María Trinidad Sánchez,62
4099,Monseñor Nouel,62
4115,Monte Cristi,62
4111,Monte Plata,62
4101,Pedernales,62
4096,Peravia,62
4092,Puerto Plata,62
4103,Samaná,62
4091,San Cristóbal,62
4112,San José de Ocoa,62
4098,San Juan,62
4110,San Pedro de Macorís,62
4088,Sánchez Ramírez,62
4108,Santiago,62
4100,Santiago Rodríguez,62
4093,Santo Domingo,62
4104,Valverde,62
2923,Azuay,64
2920,Bolívar,64
2917,Cañar,64
2915,Carchi,64
2925,Chimborazo,64
2921,Cotopaxi,64
2924,El Oro,64
2922,Esmeraldas,64
2905,Galápagos,64
2914,Guayas,64
2911,Imbabura,64
5068,Loja,64
2910,Los Ríos,64
2913,Manabí,64
2918,Morona-Santiago,64
2916,Napo,64
2926,Orellana,64
2907,Pastaza,64
2927,Pichincha,64
2912,Santa Elena,64
2919,Santo Domingo de los Tsáchilas,64
2906,Sucumbíos,64
2908,Tungurahua,64
2909,Zamora Chinchipe,64
3235,Alexandria,65
3225,Aswan,65
3236,Asyut,65
3241,Beheira,65
3230,Beni Suef,65
3223,Cairo,65
3245,Dakahlia,65
3224,Damietta,65
3238,Faiyum,65
3234,Gharbia,65
3239,Giza,65
3244,Ismailia,65
3222,Kafr el-Sheikh,65
3242,Luxor,65
3231,Matrouh,65
3243,Minya,65
3228,Monufia,65
3246,New Valley,65
3227,North Sinai,65
3229,Port Said,65
3232,Qalyubia,65
3247,Qena,65
3240,Red Sea,65
5067,Sharqia,65
3226,Sohag,65
3237,South Sinai,65
3233,Suez,65
4139,Ahuachapán,66
4132,Cabañas,66
4131,Chalatenango,66
4137,Cuscatlán,66
4134,La Libertad,66
4136,La Paz,66
4138,La Unión ,66
4130,Morazán,66
4135,San Miguel,66
4133,San Salvador,66
4127,San Vicente,66
4128,Santa Ana,66
4140,Sonsonate,66
4129,Usulután,66
3444,Annobón,67
3446,Bioko Norte,67
3443,Bioko Sur,67
3445,Centro Sur,67
3442,Insular,67
3439,Kié-Ntem,67
3441,Litoral,67
3438,Río Muni,67
3440,Wele-Nzas,67
3425,Anseba,68
3427,Debub,68
3428,Gash-Barka,68
3426,Maekel,68
3424,Northern Red Sea,68
3429,Southern Red Sea,68
3567,Harju,69
3555,Hiiu,69
3569,Ida-Viru,69
3566,Järva,69
3565,Jõgeva,69
3568,Lääne,69
3564,Lääne-Viru,69
3562,Pärnu,69
3563,Põlva,69
3559,Rapla,69
3561,Saare,69
3557,Tartu,69
3558,Valga,69
3556,Viljandi,69
3560,Võru,69
969,Hhohho,212
970,Lubombo,212
968,Manzini,212
971,Shiselweni,212
11,Addis Ababa,70
6,Afar,70
3,Amhara,70
9,Benishangul-Gumuz,70
8,Dire Dawa,70
10,Gambela,70
7,Harari,70
5,Oromia,70
2,Somali,70
1,"Southern Nations, Nationalities, and Peoples'",70
4,Tigray,70
5229,Eysturoy,72
5230,Northern Isles,72
5231,Sandoy,72
5232,Streymoy,72
5233,Suðuroy,72
5234,Vágar,72
1917,Ba,73
1930,Bua,73
1924,Cakaudrove,73
1929,Central,73
1932,Eastern,73
1934,Kadavu,73
1933,Lau,73
1916,Lomaiviti,73
1922,Macuata,73
1919,Nadroga-Navosa,73
1927,Naitasiri,73
1928,Namosi,73
1921,Northern,73
1926,Ra,73
1920,Rewa,73
1931,Rotuma,73
1925,Serua,73
1918,Tailevu,73
1923,Western,73
1509,Åland Islands,74
1511,Central Finland,74
1494,Central Ostrobothnia,74
1507,Finland Proper,74
1496,Kainuu,74
1512,Kymenlaakso,74
1500,Lapland,74
1504,North Karelia,74
1505,Northern Ostrobothnia,74
1503,Northern Savonia,74
1508,Ostrobothnia,74
1502,Päijänne Tavastia,74
1506,Pirkanmaa,74
1501,Satakunta,74
1497,South Karelia,74
1498,Southern Ostrobothnia,74
1495,Southern Savonia,74
1493,Tavastia Proper,74
1510,Uusimaa,74
4967,Ain,75
4968,Aisne,75
4969,Allier,75
4970,Alpes-de-Haute-Provence,75
4972,Alpes-Maritimes,75
4811,Alsace,75
4973,Ardèche,75
4974,Ardennes,75
4975,Ariège,75
4976,Aube,75
4977,Aude,75
4798,Auvergne-Rhône-Alpes,75
4978,Aveyron,75
5035,Bas-Rhin,75
4979,Bouches-du-Rhône,75
4825,Bourgogne-Franche-Comté,75
4807,Bretagne,75
4981,Calvados,75
4982,Cantal,75
4818,Centre-Val de Loire,75
4983,Charente,75
4984,Charente-Maritime,75
4985,Cher,75
5064,Clipperton,75
4986,Corrèze,75
4806,Corse,75
4996,Corse-du-Sud,75
4987,Côte-d'Or,75
4988,Côtes-d'Armor,75
4989,Creuse,75
5047,Deux-Sèvres,75
4990,Dordogne,75
4991,Doubs,75
4992,Drôme,75
5059,Essonne,75
4993,Eure,75
4994,Eure-et-Loir,75
4995,Finistère,75
4822,French Guiana,75
4824,French Polynesia,75
5065,French Southern and Antarctic Lands,75
4998,Gard,75
5000,Gers,75
5001,Gironde,75
4820,Grand-Est,75
4829,Guadeloupe,75
5036,Haut-Rhin,75
4997,Haute-Corse,75
4999,Haute-Garonne,75
5011,Haute-Loire,75
5020,Haute-Marne,75
5039,Haute-Saône,75
5043,Haute-Savoie,75
5055,Haute-Vienne,75
4971,Hautes-Alpes,75
5033,Hautes-Pyrénées,75
4828,Hauts-de-France,75
5060,Hauts-de-Seine,75
5002,Hérault,75
4796,Île-de-France,75
5003,Ille-et-Vilaine,75
5004,Indre,75
5005,Indre-et-Loire,75
5006,Isère,75
5007,Jura,75
4823,La Réunion,75
5008,Landes,75
5009,Loir-et-Cher,75
5010,Loire,75
5012,Loire-Atlantique,75
5013,Loiret,75
5014,Lot,75
5015,Lot-et-Garonne,75
5016,Lozère,75
5017,Maine-et-Loire,75
5018,Manche,75
5019,Marne,75
4827,Martinique,75
5021,Mayenne,75
4797,Mayotte,75
5038,Métropole de Lyon,75
5022,Meurthe-et-Moselle,75
5023,Meuse,75
5024,Morbihan,75
5025,Moselle,75
5026,Nièvre,75
5027,Nord,75
4804,Normandie,75
4795,Nouvelle-Aquitaine,75
4799,Occitanie,75
5028,Oise,75
5029,Orne,75
4816,Paris,75
5030,Pas-de-Calais,75
4802,Pays-de-la-Loire,75
4812,Provence-Alpes-Côte-d’Azur,75
5031,Puy-de-Dôme,75
5032,Pyrénées-Atlantiques,75
5034,Pyrénées-Orientales,75
5037,Rhône,75
4821,Saint Pierre and Miquelon,75
4794,Saint-Barthélemy,75
4809,Saint-Martin,75
5040,Saône-et-Loire,75
5041,Sarthe,75
5042,Savoie,75
5045,Seine-et-Marne,75
5044,Seine-Maritime,75
5061,Seine-Saint-Denis,75
5048,Somme,75
5049,Tarn,75
5050,Tarn-et-Garonne,75
5058,Territoire de Belfort,75
5063,Val-d'Oise,75
5062,Val-de-Marne,75
5051,Var,75
5052,Vaucluse,75
5053,Vendée,75
5054,Vienne,75
5056,Vosges,75
4810,Wallis and Futuna,75
5057,Yonne,75
5046,Yvelines,75
2727,Estuaire,79
2726,Haut-Ogooué,79
2730,Moyen-Ogooué,79
2731,Ngounié,79
2725,Nyanga,79
2724,Ogooué-Ivindo,79
2729,Ogooué-Lolo,79
2728,Ogooué-Maritime,79
2723,Woleu-Ntem,79
901,Abkhazia,81
900,Adjara,81
907,Guria,81
905,Imereti,81
910,Kakheti,81
897,Khelvachauri,81
904,Kvemo Kartli,81
902,Mtskheta-Mtianeti,81
909,Racha-Lechkhumi and Kvemo Svaneti,81
908,Samegrelo-Zemo Svaneti,81
906,Samtskhe-Javakheti,81
898,Senaki,81
903,Shida Kartli,81
899,Tbilisi,81
3006,Baden-Württemberg,82
3009,Bavaria,82
3010,Berlin,82
3013,Brandenburg,82
3014,Bremen,82
3016,Hamburg,82
3018,Hessen,82
3008,Lower Saxony,82
3007,Mecklenburg-Vorpommern,82
3017,North Rhine-Westphalia,82
3019,Rhineland-Palatinate,82
3020,Saarland,82
3021,Saxony,82
3011,Saxony-Anhalt,82
3005,Schleswig-Holstein,82
3015,Thuringia,82
53,Ahafo,83
48,Ashanti,83
4959,Bono,83
4958,Bono East,83
52,Central,83
50,Eastern,83
54,Greater Accra,83
4960,North East,83
51,Northern,83
4961,Oti,83
4962,Savannah,83
55,Upper East,83
57,Upper West,83
56,Volta,83
49,Western,83
4963,Western North,83
2116,Achaea,85
2123,Aetolia-Acarnania,85
2098,Arcadia,85
2105,Argolis,85
2122,Attica,85
2126,Boeotia,85
2128,Central Greece,85
2125,Central Macedonia,85
2115,Chania,85
2124,Corfu,85
2129,Corinthia,85
2109,Crete,85
2130,Drama,85
2120,East Attica,85
2117,East Macedonia and Thrace,85
2110,Epirus,85
2101,Euboea,85
2102,Grevena,85
2099,Imathia ,85
2113,Ioannina,85
2131,Ionian Islands,85
2095,Karditsa,85
2100,Kastoria,85
2127,Kefalonia,85
2111,Kilkis,85
2112,Kozani,85
2106,Laconia,85
2132,Larissa,85
2104,Lefkada,85
2107,Pella,85
2119,Peloponnese,85
2114,Phthiotis,85
2103,Preveza,85
2121,Serres,85
2118,South Aegean,85
2097,Thessaloniki,85
2096,West Greece,85
2108,West Macedonia,85
3867,Carriacou,87
3865,Saint Andrew,87
3869,Saint David,87
3864,Saint George,87
3868,Saint John,87
3866,Saint Mark,87
3863,Saint Patrick,87
5254,Agana Heights,89
5255,Asan-Maina,89
5256,Barrigada,89
5257,Chalan Pago-Ordot,89
5258,Dededo,89
5259,Hågat,89
5265,Hagåtña,89
5261,Inarajan (Inalåhan),89
5263,Mangilao,89
5262,Merizo (Malesso),89
5264,Mongmong-Toto-Maite,89
5266,Piti,89
5267,Santa Rita (Sånta Rita-Sumai),89
5268,Sinajana,89
5269,Talofofo (Talo'fo'fo),89
5270,Tamuning,89
5260,Umatac (Humåtak),89
5271,Yigo,89
5272,Yona,89
3671,Alta Verapaz ,90
3674,Baja Verapaz ,90
3675,Chimaltenango ,90
3666,Chiquimula ,90
3662,El Progreso ,90
3677,Escuintla ,90
3672,Guatemala ,90
3670,Huehuetenango ,90
3659,Izabal ,90
3658,Jalapa ,90
3673,Jutiapa ,90
3669,Petén ,90
3668,Quetzaltenango ,90
3657,Quiché ,90
3664,Retalhuleu ,90
3676,Sacatepéquez ,90
3667,San Marcos ,90
3665,Santa Rosa ,90
3661,Sololá ,90
3660,Suchitepéquez ,90
3663,Totonicapán ,90
5239,Zacapa,90
2672,Beyla,92
2699,Boffa,92
2676,Boké,92
2709,Boké,92
2686,Conakry,92
2705,Coyah,92
2679,Dabola,92
2706,Dalaba,92
2688,Dinguiraye,92
2681,Dubréka,92
2682,Faranah,92
2683,Forécariah,92
2675,Fria,92
2685,Gaoual,92
2711,Guéckédou,92
2704,Kankan,92
2697,Kankan,92
2710,Kérouané,92
2701,Kindia,92
2693,Kindia,92
2691,Kissidougou,92
2692,Koubia,92
2703,Koundara,92
2695,Kouroussa,92
2680,Labé,92
2677,Labé,92
2690,Lélouma,92
2708,Lola,92
2702,Macenta,92
2700,Mali,92
2698,Mamou,92
2689,Mamou,92
2673,Mandiana,92
2684,Nzérékoré,92
2678,Nzérékoré,92
2694,Pita,92
2707,Siguiri,92
2687,Télimélé,92
2696,Tougué,92
2674,Yomou,92
2720,Bafatá,93
2714,Biombo,93
2722,Bolama,93
2713,Cacheu,93
2719,Gabú,93
2721,Leste,93
2717,Norte,93
2718,Oio,93
2715,Quinara,93
2716,Sul,93
2712,Tombali,93
2764,Barima-Waini,94
2760,Cuyuni-Mazaruni,94
2767,Demerara-Mahaica,94
2766,East Berbice-Corentyne,94
2768,Essequibo Islands-West Demerara,94
2762,Mahaica-Berbice,94
2765,Pomeroon-Supenaam,94
2761,Potaro-Siparuni,94
2763,Upper Demerara-Berbice,94
2769,Upper Takutu-Upper Essequibo,94
4123,Artibonite,95
4125,Centre,95
4119,Grand'Anse,95
4118,Nippes,95
4117,Nord,95
4121,Nord-Est,95
4126,Nord-Ouest,95
4120,Ouest,95
4122,Sud,95
4124,Sud-Est,95
4047,Atlántida,97
4045,Bay Islands,97
4041,Choluteca,97
4051,Colón,97
4042,Comayagua,97
4049,Copán,97
4046,Cortés,97
4043,El Paraíso,97
4052,Francisco Morazán,97
4048,Gracias a Dios,97
4044,Intibucá,97
4058,La Paz,97
4054,Lempira,97
4056,Ocotepeque,97
4050,Olancho,97
4053,Santa Bárbara,97
4055,Valle,97
4057,Yoro,97
4889,Central and Western,98
4891,Eastern,98
4888,Islands,98
4895,Kowloon City,98
4898,Kwai Tsing,98
4897,Kwun Tong,98
4900,North,98
4887,Sai Kung,98
4901,Sha Tin,98
4894,Sham Shui Po,98
4892,Southern,98
4885,Tai Po,98
4884,Tsuen Wan,98
4899,Tuen Mun,98
4890,Wan Chai,98
4896,Wong Tai Sin,98
4893,Yau Tsim Mong,98
4883,Yuen Long,98
1048,Bács-Kiskun,99
1055,Baranya,99
1060,Békés,99
1036,Békéscsaba,99
1058,Borsod-Abaúj-Zemplén,99
1064,Budapest,99
1031,Csongrád County,99
1032,Debrecen,99
1049,Dunaújváros,99
1037,Eger,99
1028,Érd,99
1044,Fejér County,99
1041,Győr,99
1042,Győr-Moson-Sopron County,99
1063,Hajdú-Bihar County,99
1040,Heves County,99
1027,Hódmezővásárhely,99
1043,Jász-Nagykun-Szolnok County,99
1067,Kaposvár,99
1056,Kecskemét,99
5085,Komárom-Esztergom,99
1065,Miskolc,99
1030,Nagykanizsa,99
1051,Nógrád County,99
1034,Nyíregyháza,99
1053,Pécs,99
1059,Pest County,99
1068,Salgótarján,99
1035,Somogy County,99
1057,Sopron,99
1045,Szabolcs-Szatmár-Bereg County,99
1029,Szeged,99
1033,Székesfehérvár,99
1061,Szekszárd,99
1047,Szolnok,99
1052,Szombathely,99
1066,Tatabánya,99
1038,Tolna County,99
1039,Vas County,99
1062,Veszprém,99
1054,Veszprém County,99
1046,Zala County,99
1050,Zalaegerszeg,99
3431,Capital,100
3433,Eastern,100
3437,Northeastern,100
3435,Northwestern,100
3434,Southern,100
3430,Southern Peninsula,100
3436,Western,100
3432,Westfjords,100
4023,Andaman and Nicobar Islands,101
4017,Andhra Pradesh,101
4024,Arunachal Pradesh,101
4027,Assam,101
4037,Bihar,101
4031,Chandigarh,101
4040,Chhattisgarh,101
4033,Dadra and Nagar Haveli and Daman and Diu,101
4021,Delhi,101
4009,Goa,101
4030,Gujarat,101
4007,Haryana,101
4020,Himachal Pradesh,101
4029,Jammu and Kashmir,101
4025,Jharkhand,101
4026,Karnataka,101
4028,Kerala,101
4852,Ladakh,101
4019,Lakshadweep,101
4039,Madhya Pradesh,101
4008,Maharashtra,101
4010,Manipur,101
4006,Meghalaya,101
4036,Mizoram,101
4018,Nagaland,101
4013,Odisha,101
4011,Puducherry,101
4015,Punjab,101
4014,Rajasthan,101
4034,Sikkim,101
4035,Tamil Nadu,101
4012,Telangana,101
4038,Tripura,101
4022,Uttar Pradesh,101
4016,Uttarakhand,101
4853,West Bengal,101
1822,Aceh,102
1826,Bali,102
1810,Banten,102
1793,Bengkulu,102
1829,DI Yogyakarta,102
1805,DKI Jakarta,102
1812,Gorontalo,102
1815,Jambi,102
1825,Jawa Barat,102
1802,Jawa Tengah,102
1827,Jawa Timur,102
1806,Kalimantan Barat,102
1819,Kalimantan Selatan,102
1794,Kalimantan Tengah,102
1804,Kalimantan Timur,102
1824,Kalimantan Utara,102
1820,Kepulauan Bangka Belitung,102
1807,Kepulauan Riau,102
1811,Lampung,102
1800,Maluku,102
1801,Maluku Utara,102
1814,Nusa Tenggara Barat,102
1818,Nusa Tenggara Timur,102
1798,Papua,102
1799,Papua Barat,102
5238,Papua Barat Daya,102
5236,Papua Pegunungan,102
5237,Papua Selatan,102
5235,Papua Tengah,102
1809,Riau,102
1817,Sulawesi Barat,102
1795,Sulawesi Selatan,102
1813,Sulawesi Tengah,102
1796,Sulawesi Tenggara,102
1808,Sulawesi Utara,102
1828,Sumatera Barat,102
1816,Sumatera Selatan,102
1792,Sumatera Utara,102
3929,Alborz,103
3934,Ardabil,103
3932,Bushehr,103
3921,Chaharmahal and Bakhtiari,103
3944,East Azerbaijan,103
3939,Fars,103
3920,Gilan,103
3933,Golestan,103
4920,Hamadan,103
3937,Hormozgan,103
3918,Ilam,103
3923,Isfahan,103
3943,Kerman,103
3919,Kermanshah,103
3917,Khuzestan,103
3926,Kohgiluyeh and Boyer-Ahmad,103
3935,Kurdistan,103
3928,Lorestan,103
3916,Markazi,103
3938,Mazandaran,103
3942,North Khorasan,103
3941,Qazvin,103
3922,Qom,103
3927,Razavi Khorasan,103
3940,Semnan,103
3931,Sistan and Baluchestan,103
3930,South Khorasan,103
3945,Tehran,103
3924,West Azarbaijan,103
3936,Yazd,103
3925,Zanjan,103
3964,Al Anbar,104
3958,Al Muthanna,104
3956,Al-Qādisiyyah,104
3955,Babylon,104
3959,Baghdad,104
3960,Basra,104
3954,Dhi Qar,104
3965,Diyala,104
3967,Dohuk,104
3968,Erbil,104
3957,Karbala,104
3971,Kirkuk,104
3966,Maysan,104
3962,Najaf,104
3963,Nineveh,104
3961,Saladin,104
3969,Sulaymaniyah,104
3970,Wasit,104
1095,Carlow,105
1088,Cavan,105
1091,Clare,105
1087,Connacht,105
1074,Cork,105
1071,Donegal,105
1072,Dublin,105
1079,Galway,105
1077,Kerry,105
1082,Kildare,105
1090,Kilkenny,105
1096,Laois,105
1073,Leinster,105
1094,Limerick,105
1076,Longford,105
1083,Louth,105
1084,Mayo,105
1092,Meath,105
1075,Monaghan,105
1080,Munster,105
1078,Offaly,105
1081,Roscommon,105
1070,Sligo,105
1069,Tipperary,105
1086,Ulster,105
1089,Waterford,105
1097,Westmeath,105
1093,Wexford,105
1085,Wicklow,105
1367,Central,106
1369,Haifa,106
1370,Jerusalem,106
1366,Northern,106
1368,Southern,106
1371,Tel Aviv,106
1679,Abruzzo,107
1727,Agrigento,107
1783,Alessandria,107
1672,Ancona,107
1716,Aosta Valley,107
1688,Apulia,107
1681,Ascoli Piceno,107
1780,Asti,107
1692,Avellino,107
1686,Barletta-Andria-Trani,107
1706,Basilicata,107
1689,Belluno,107
1701,Benevento,107
1704,Bergamo,107
1778,Biella,107
1717,Brescia,107
1714,Brindisi,107
1703,Calabria,107
1718,Caltanissetta,107
1669,Campania,107
1721,Campobasso,107
1731,Caserta,107
1728,Catanzaro,107
1739,Chieti,107
1740,Como,107
1742,Cosenza,107
1751,Cremona,107
1754,Crotone,107
1775,Cuneo,107
1773,Emilia-Romagna,107
1723,Enna,107
1744,Fermo,107
1746,Ferrara,107
1771,Foggia,107
1779,Forlì-Cesena,107
1756,Friuli–Venezia Giulia,107
1776,Frosinone,107
1777,Gorizia,107
1787,Grosseto,107
1788,Imperia,107
1789,Isernia,107
1781,L'Aquila,107
1791,La Spezia,107
1674,Latina,107
1678,Lazio,107
1675,Lecce,107
1677,Lecco,107
1768,Liguria,107
1745,Livorno,107
1747,Lodi,107
1705,Lombardy,107
1749,Lucca,107
1750,Macerata,107
1758,Mantua,107
1670,Marche,107
1759,Massa and Carrara,107
1760,Matera,107
1761,Medio Campidano,107
1757,Modena,107
1695,Molise,107
1769,Monza and Brianza,107
1774,Novara,107
1790,Nuoro,107
1786,Oristano,107
1665,Padua,107
1668,Palermo,107
1666,Parma,107
1676,Pavia,107
1691,Perugia,107
1693,Pesaro and Urbino,107
1694,Pescara,107
1696,Piacenza,107
1702,Piedmont,107
1685,Pisa,107
1687,Pistoia,107
1690,Pordenone,107
1697,Potenza,107
1700,Prato,107
1729,Ragusa,107
1707,Ravenna,107
1708,Reggio Emilia,107
1712,Rieti,107
1713,Rimini,107
1719,Rovigo,107
1720,Salerno,107
1715,Sardinia,107
1722,Sassari,107
1732,Savona,107
1709,Sicily,107
1734,Siena,107
1667,Siracusa,107
1741,Sondrio,107
1730,South Sardinia,107
1743,Taranto,107
1752,Teramo,107
1755,Terni,107
1733,Trapani,107
1725,Trentino-South Tyrol,107
1762,Treviso,107
1763,Trieste,107
1664,Tuscany,107
1764,Udine,107
1683,Umbria,107
1765,Varese,107
1753,Veneto,107
1726,Verbano-Cusio-Ossola,107
1785,Vercelli,107
1736,Verona,107
1737,Vibo Valentia,107
1738,Vicenza,107
1735,Viterbo,107
3753,Clarendon,108
3749,Hanover,108
3748,Kingston,108
3754,Manchester,108
3752,Portland,108
3751,Saint Andrew,108
3744,Saint Ann,108
3746,Saint Catherine,108
3743,Saint Elizabeth,108
3745,Saint James,108
3747,Saint Mary,108
3750,Saint Thomas,108
3755,Trelawny,108
3742,Westmoreland,108
827,Aichi,109
829,Akita,109
839,Aomori,109
821,Chiba,109
865,Ehime,109
848,Fukui,109
861,Fukuoka,109
847,Fukushima,109
858,Gifu,109
862,Gunma,109
828,Hiroshima,109
832,Hokkaidō,109
831,Hyōgo,109
851,Ibaraki,109
830,Ishikawa,109
856,Iwate,109
864,Kagawa,109
840,Kagoshima,109
842,Kanagawa,109
4924,Kōchi,109
846,Kumamoto,109
834,Kyōto,109
833,Mie,109
857,Miyagi,109
855,Miyazaki,109
843,Nagano,109
849,Nagasaki,109
824,Nara,109
841,Niigata,109
822,Ōita,109
820,Okayama,109
853,Okinawa,109
859,Ōsaka,109
863,Saga,109
860,Saitama,109
845,Shiga,109
826,Shimane,109
825,Shizuoka,109
854,Tochigi,109
836,Tokushima,109
823,Tokyo,109
850,Tottori,109
838,Toyama,109
844,Wakayama,109
837,Yamagata,109
835,Yamaguchi,109
852,Yamanashi,109
5309,Grouville,110
5310,St Brelade,110
5311,St Clement,110
5312,St Helier,110
5313,St John,110
5314,St Lawrence,110
5315,St Martin,110
5316,St Mary,110
5317,St Ouen,110
5318,St Peter,110
5319,St Saviour,110
5320,Trinity,110
963,Ajloun,111
965,Amman,111
959,Aqaba,111
961,Balqa,111
960,Irbid,111
966,Jerash,111
956,Karak,111
964,Ma'an,111
958,Madaba,111
962,Mafraq,111
957,Tafilah,111
967,Zarqa,111
145,Akmola,112
151,Aktobe,112
143,Almaty,112
152,Almaty,112
156,Astana,112
153,Atyrau,112
155,Baikonur,112
154,East Kazakhstan,112
147,Jambyl,112
150,Karaganda,112
157,Kostanay,112
142,Kyzylorda,112
141,Mangystau,112
144,North Kazakhstan,112
146,Pavlodar,112
149,Turkestan,112
148,West Kazakhstan,112
181,Baringo,113
210,Bomet,113
168,Bungoma,113
161,Busia,113
201,Elgeyo-Marakwet,113
163,Embu,113
196,Garissa,113
195,Homa Bay,113
170,Isiolo,113
197,Kajiado,113
158,Kakamega,113
193,Kericho,113
199,Kiambu,113
174,Kilifi,113
167,Kirinyaga,113
159,Kisii,113
171,Kisumu,113
211,Kitui,113
173,Kwale,113
164,Laikipia,113
166,Lamu,113
184,Machakos,113
188,Makueni,113
187,Mandera,113
194,Marsabit,113
198,Meru,113
190,Migori,113
200,Mombasa,113
178,Murang'a,113
191,Nairobi City,113
203,Nakuru,113
165,Nandi,113
175,Narok,113
209,Nyamira,113
192,Nyandarua,113
180,Nyeri,113
207,Samburu,113
186,Siaya,113
176,Taita–Taveta,113
205,Tana River,113
185,Tharaka-Nithi,113
183,Trans Nzoia,113
206,Turkana,113
169,Uasin Gishu,113
202,Vihiga,113
182,Wajir,113
208,West Pokot,113
1831,Gilbert,114
1832,Line,114
1830,Phoenix,114
4874,Ferizaj,248
4876,Gjakove,248
4877,Gjilan,248
4878,Mitrovica,248
5321,Peja,248
4879,Pristina,248
5322,Prizren,248
977,Al Ahmadi,117
975,Al Farwaniyah,117
972,Al Jahra,117
976,Capital,117
973,Hawalli,117
974,Mubarak Al-Kabeer,117
998,Batken,118
1001,Bishkek,118
1004,Chuy,118
1002,Issyk-Kul,118
1000,Jalal-Abad,118
999,Naryn,118
1003,Osh,118
1005,Osh,118
997,Talas,118
982,Attapeu,119
991,Bokeo,119
985,Bolikhamsai,119
996,Champasak,119
989,Houaphanh,119
986,Khammouane,119
992,Luang Namtha,119
978,Luang Prabang,119
988,Oudomxay,119
987,Phongsaly,119
993,Sainyabuli,119
981,Salavan,119
990,Savannakhet,119
984,Sekong,119
980,Vientiane,119
979,Vientiane,119
983,Xaisomboun,119
995,Xiangkhouang,119
4454,Ādaži,120
4472,Aizkraukle,120
4487,Alūksne,120
4492,Augšdaugava,120
4505,Balvi,120
4465,Bauska,120
4469,Cēsis,120
4463,Daugavpils,120
4508,Dienvidkurzemes,120
4437,Dobele,120
4400,Gulbene,120
4438,Jēkabpils,120
4424,Jelgava,120
4500,Jelgava,120
4446,Jūrmala,120
4435,Ķekava,120
4474,Krāslava,120
4490,Kuldīga,120
4460,Liepāja,120
4418,Limbaži,120
4401,Līvāni,120
4501,Ludza,120
4433,Madona,120
4450,Mārupe,120
4416,Ogre,120
4417,Olaine,120
4483,Preiļi,120
4509,Rēzekne,120
4455,Rēzekne,120
4491,Riga,120
4493,Ropaži,120
4402,Salaspils,120
4439,Saldus,120
4443,Saulkrasti,120
4476,Sigulda,120
4462,Smiltene,120
4459,Talsi,120
4409,Tukums,120
4425,Valka,120
4473,Valmiera,120
4431,Varakļāni,120
4421,Ventspils,120
4403,Ventspils,120
2285,Akkar,121
2283,Baalbek-Hermel,121
2286,Beirut,121
2287,Beqaa,121
2282,Mount Lebanon,121
2288,Nabatieh,121
2284,North,121
2281,South,121
3030,Berea,122
3029,Butha-Buthe,122
3026,Leribe,122
3022,Mafeteng,122
3028,Maseru,122
3023,Mohale's Hoek,122
3024,Mokhotlong,122
3025,Qacha's Nek,122
3027,Quthing,122
3031,Thaba-Tseka,122
3041,Bomi,123
3034,Bong,123
3044,Gbarpolu,123
3040,Grand Bassa,123
3036,Grand Cape Mount,123
3039,Grand Gedeh,123
3045,Grand Kru,123
3037,Lofa,123
3043,Margibi,123
3042,Maryland,123
3032,Montserrado,123
3046,Nimba,123
3033,River Cess,123
3038,River Gee,123
3035,Sinoe,123
2964,Al Wahat,124
2981,Benghazi,124
2966,Derna,124
2969,Ghat,124
2980,Jabal al Akhdar,124
2974,Jabal al Gharbi,124
2979,Jafara,124
2970,Jufra,124
2972,Kufra,124
2968,Marj,124
2978,Misrata,124
2961,Murqub,124
2967,Murzuq,124
2976,Nalut,124
2962,Nuqat al Khams,124
2965,Sabha,124
2977,Sirte,124
2971,Tripoli,124
2973,Wadi al Hayaa,124
2975,Wadi al Shatii,124
2963,Zawiya,124
458,Balzers,125
451,Eschen,125
457,Gamprin,125
455,Mauren,125
454,Planken,125
453,Ruggell,125
450,Schaan,125
449,Schellenberg,125
459,Triesen,125
456,Triesenberg,125
452,Vaduz,125
1561,Akmenė,126
1574,Alytus,126
1605,Alytus,126
1599,Alytus,126
1603,Birštonas,126
1566,Biržai,126
1579,Druskininkai,126
1559,Elektrėnai,126
1562,Ignalina,126
1567,Jonava,126
1581,Joniškis,126
1555,Jurbarkas,126
1583,Kaišiadorys,126
1591,Kalvarija,126
1565,Kaunas,126
1580,Kaunas,126
1556,Kaunas,126
1575,Kazlų Rūda,126
1584,Kėdainiai,126
1618,Kelmė,126
1604,Klaipėda,126
1597,Klaipeda,126
1600,Klaipėda,126
1571,Kretinga,126
1585,Kupiškis,126
1611,Lazdijai,126
1570,Marijampolė,126
1610,Marijampolė,126
1557,Mažeikiai,126
1582,Molėtai,126
1563,Neringa,126
1612,Pagėgiai,126
1595,Pakruojis,126
1588,Palanga,126
1614,Panevėžys,126
1558,Panevėžys,126
1589,Panevėžys,126
1616,Pasvalys,126
1553,Plungė,126
1578,Prienai,126
1568,Radviliškis,126
1587,Raseiniai,126
1590,Rietavas,126
1615,Rokiškis,126
1576,Šakiai,126
1577,Šalčininkai,126
1609,Šiauliai,126
1554,Šiauliai,126
1586,Šiauliai,126
1613,Šilalė ,126
1607,Šilutė,126
1594,Širvintos,126
1617,Skuodas,126
1560,Švenčionys,126
1572,Tauragė,126
1573,Tauragė,126
1569,Telšiai,126
1608,Telšiai,126
1593,Trakai,126
1596,Ukmergė,126
1621,Utena,126
1598,Utena,126
1602,Varėna,126
1620,Vilkaviškis,126
1592,Vilnius,126
1606,Vilnius,126
1601,Vilnius,126
1564,Visaginas,126
1619,Zarasai,126
1518,Capellen,127
1521,Clervaux,127
1513,Diekirch,127
1515,Echternach,127
1517,Esch-sur-Alzette,127
1520,Grevenmacher,127
1514,Luxembourg ,127
1522,Mersch,127
1516,Redange,127
1519,Remich,127
1523,Vianden,127
1526,Wiltz,127
2951,Antananarivo,130
2950,Antsiranana,130
2948,Fianarantsoa,130
2953,Mahajanga,130
2952,Toamasina,130
2949,Toliara,130
3096,Balaka,131
3102,Blantyre,131
3092,Central,131
3107,Chikwawa,131
3109,Chiradzulu,131
3087,Chitipa,131
3097,Dedza,131
3090,Dowa,131
3091,Karonga,131
3094,Kasungu,131
3093,Likoma,131
3101,Lilongwe,131
3082,Machinga,131
3110,Mangochi,131
3099,Mchinji,131
3103,Mulanje,131
3084,Mwanza,131
3104,Mzimba,131
3095,Nkhata Bay,131
3100,Nkhotakota,131
3105,Northern,131
3085,Nsanje,131
3088,Ntcheu,131
3111,Ntchisi,131
3108,Phalombe,131
3089,Rumphi,131
3086,Salima,131
3106,Southern,131
3098,Thyolo,131
3083,Zomba,131
1950,Johor,132
1947,Kedah,132
1946,Kelantan,132
1949,Kuala Lumpur,132
1935,Labuan,132
1941,Malacca,132
1948,Negeri Sembilan,132
1940,Pahang,132
1939,Penang,132
1943,Perak,132
1938,Perlis,132
1945,Putrajaya,132
1936,Sabah,132
1937,Sarawak,132
1944,Selangor,132
1942,Terengganu,132
2594,Addu,133
2587,Alif Alif,133
2600,Alif Dhaal,133
2604,Central,133
2590,Dhaalu,133
2599,Faafu,133
2598,Gaafu Alif,133
2603,Gaafu Dhaalu,133
2595,Gnaviyani,133
2586,Haa Alif,133
2597,Haa Dhaalu,133
2596,Kaafu,133
2601,Laamu,133
2607,Lhaviyani,133
2609,Malé,133
2608,Meemu,133
2592,Noonu,133
2589,North Central,133
2602,Raa,133
2585,Shaviyani,133
2605,South,133
2606,South Central,133
2591,Thaa,133
2593,Upper South,133
2584,Vaavu,133
253,Bamako,134
258,Gao,134
252,Kayes,134
257,Kidal,134
250,Koulikoro,134
251,Ménaka,134
255,Mopti,134
249,Ségou,134
254,Sikasso,134
256,Taoudénit,134
248,Tombouctou,134
110,Attard,135
108,Balzan,135
107,Birgu,135
97,Birkirkara,135
88,Birżebbuġa,135
138,Cospicua,135
117,Dingli,135
129,Fgura,135
84,Floriana,135
134,Fontana,135
130,Għajnsielem,135
92,Għarb,135
120,Għargħur,135
106,Għasri,135
124,Għaxaq,135
118,Gudja,135
113,Gżira,135
105,Ħamrun,135
93,Iklin,135
99,Kalkara,135
91,Kerċem,135
82,Kirkop,135
126,Lija,135
77,Luqa,135
128,Marsa,135
137,Marsaskala,135
78,Marsaxlokk,135
89,Mdina,135
102,Mellieħa,135
109,Mġarr,135
140,Mosta,135
74,Mqabba,135
96,Msida,135
131,Mtarfa,135
132,Munxar,135
133,Nadur,135
112,Naxxar,135
115,Paola,135
125,Pembroke,135
127,Pietà,135
79,Qala,135
119,Qormi,135
111,Qrendi,135
83,Rabat,135
75,San Ġwann,135
87,San Lawrenz,135
116,Sannat,135
94,Santa Luċija,135
90,Santa Venera,135
136,Senglea,135
98,Siġġiewi,135
104,Sliema,135
100,St. Julian's,135
139,St. Paul's Bay,135
86,Swieqi,135
122,Ta' Xbiex,135
103,Tarxien,135
95,Valletta,135
101,Victoria,135
114,Xagħra,135
121,Xewkija,135
81,Xgħajra,135
123,Żabbar,135
85,Żebbuġ Gozo,135
80,Żebbuġ Malta,135
135,Żejtun,135
76,Żurrieq,135
5303,Ayre,136
5304,Garff,136
5305,Glenfaba,136
5306,Michael,136
5307,Middle,136
5308,Rushen,136
2574,Ralik,137
2573,Ratak,137
3344,Adrar,139
3349,Assaba,139
3339,Brakna,139
3346,Dakhlet Nouadhibou,139
3341,Gorgol,139
3350,Guidimaka,139
3338,Hodh Ech Chargui,139
3351,Hodh El Gharbi,139
3342,Inchiri,139
3343,Nouakchott-Nord,139
3352,Nouakchott-Ouest,139
3347,Nouakchott-Sud,139
3345,Tagant,139
3340,Tiris Zemmour,139
3348,Trarza,139
3248,Agalega Islands,140
3259,Black River,140
3254,Flacq,140
3264,Grand Port,140
3253,Moka,140
3250,Pamplemousses,140
3263,Plaines Wilhems,140
3260,Port Louis,140
3261,Rivière du Rempart,140
3249,Rodrigues Island,140
3251,Saint Brandon Islands,140
3257,Savanne,140
3456,Aguascalientes,142
3457,Baja California,142
3460,Baja California Sur,142
3475,Campeche,142
3451,Chiapas,142
3447,Chihuahua,142
3473,Ciudad de México,142
3471,Coahuila de Zaragoza,142
3472,Colima,142
3453,Durango,142
3450,Estado de México,142
3469,Guanajuato,142
3459,Guerrero,142
3470,Hidalgo,142
4857,Jalisco,142
3474,Michoacán de Ocampo,142
3465,Morelos,142
3477,Nayarit,142
3452,Nuevo León,142
3448,Oaxaca,142
3476,Puebla,142
3455,Querétaro,142
3467,Quintana Roo,142
3461,San Luis Potosí,142
3449,Sinaloa,142
3468,Sonora,142
3454,Tabasco,142
3463,Tamaulipas,142
3458,Tlaxcala,142
3464,Veracruz de Ignacio de la Llave,142
3466,Yucatán,142
3462,Zacatecas,142
2580,Chuuk,143
2583,Kosrae,143
2581,Pohnpei,143
2582,Yap,143
4368,Anenii Noi,144
4393,Bălți,144
4379,Basarabeasca,144
4362,Bender,144
4375,Briceni,144
4391,Cahul,144
4366,Călărași,144
4380,Cantemir,144
4365,Căușeni,144
4373,Chișinău,144
4360,Cimișlia,144
4390,Criuleni,144
4384,Dondușeni,144
4392,Drochia,144
4383,Dubăsari,144
4387,Edineț,144
4381,Fălești,144
4370,Florești,144
4385,Gagauzia,144
4367,Glodeni,144
4382,Hîncești,144
4369,Ialoveni,144
4363,Nisporeni,144
4389,Ocnița,144
4361,Orhei,144
4394,Rezina,144
4376,Rîșcani,144
4364,Sîngerei,144
4388,Șoldănești,144
4374,Soroca,144
4378,Ștefan Vodă,144
4377,Strășeni,144
4372,Taraclia,144
4371,Telenești,144
4395,Transnistria,144
4386,Ungheni,144
4917,La Colle,145
4918,La Condamine,145
4919,Moneghetti,145
1973,Arkhangai,146
1969,Bayan-Ölgii,146
1976,Bayankhongor,146
1961,Bulgan,146
1962,Darkhan-Uul,146
1963,Dornod,146
1981,Dornogovi,146
1970,Dundgovi,146
1972,Govi-Altai,146
1978,Govisümber,146
1974,Khentii,146
1964,Khovd,146
1975,Khövsgöl,146
1967,Ömnögovi,146
1966,Orkhon,146
1965,Övörkhangai,146
1980,Selenge,146
1977,Sükhbaatar,146
1968,Töv,146
1971,Uvs,146
1979,Zavkhan,146
23,Andrijevica,147
13,Bar,147
21,Berane,147
25,Bijelo Polje,147
30,Budva,147
14,Danilovgrad,147
24,Gusinje,147
31,Kolašin,147
26,Kotor,147
22,Mojkovac,147
17,Nikšić,147
28,Old Royal Capital Cetinje,147
12,Petnjica,147
19,Plav,147
20,Pljevlja,147
16,Plužine,147
27,Podgorica,147
15,Rožaje,147
18,Šavnik,147
29,Tivat,147
33,Ulcinj,147
32,Žabljak,147
4928,Agadir-Ida-Ou-Tanane,149
3320,Al Haouz,149
3267,Al Hoceïma,149
3266,Aousserd (EH),149
3297,Assa-Zag (EH-partial),149
3321,Azilal,149
3272,Béni Mellal,149
3278,Béni Mellal-Khénifra,149
3304,Benslimane,149
3285,Berkane,149
4929,Berrechid,149
3275,Boujdour (EH),149
3270,Boulemane,149
4930,Casablanca,149
3303,Casablanca-Settat,149
3310,Chefchaouen,149
3274,Chichaoua,149
3302,Chtouka-Ait Baha,149
3306,Dakhla-Oued Ed-Dahab (EH),149
3290,Drâa-Tafilalet,149
4931,Driouch,149
3291,El Hajeb,149
3280,El Jadida,149
3309,El Kelâa des Sraghna,149
3299,Errachidia,149
3292,Es-Semara (EH-partial),149
3316,Essaouira,149
3300,Fahs-Anjra,149
4932,Fès,149
3313,Fès-Meknès,149
3301,Figuig,149
4933,Fquih Ben Salah,149
3265,Guelmim,149
3305,Guelmim-Oued Noun (EH-partial),149
4934,Guercif,149
3325,Ifrane,149
3294,Inezgane-Ait Melloul,149
3307,Jerada,149
3308,Kénitra,149
3276,Khémisset,149
3317,Khénifra,149
3326,Khouribga,149
3271,L'Oriental,149
3293,Laâyoune (EH),149
3298,Laâyoune-Sakia El Hamra (EH-partial),149
3268,Larache,149
4936,M’diq-Fnideq,149
4935,Marrakech,149
3288,Marrakesh-Safi,149
3284,Médiouna,149
4937,Meknès,149
4938,Midelt,149
4939,Mohammadia,149
3315,Moulay Yacoub,149
3281,Nador,149
3287,Nouaceur,149
3269,Ouarzazate,149
3319,Oued Ed-Dahab (EH),149
4941,Ouezzane,149
4940,Oujda-Angad,149
4942,Rabat,149
4927,Rabat-Salé-Kénitra,149
4943,Rehamna,149
3311,Safi,149
4944,Salé,149
3289,Sefrou,149
3282,Settat,149
4945,Sidi Bennour,149
4946,Sidi Ifni,149
3279,Sidi Kacem,149
4952,Sidi Slimane,149
4947,Skhirate-Témara,149
3295,Souss-Massa,149
3286,Tan-Tan (EH-partial),149
4950,Tanger-Assilah,149
3324,Tanger-Tétouan-Al Hoceïma,149
3323,Taounate,149
3322,Taourirt,149
4948,Tarfaya (EH-partial),149
3314,Taroudannt,149
3312,Tata,149
3296,Taza,149
3318,Tétouan,149
4949,Tinghir,149
3277,Tiznit,149
4951,Youssoufia,149
3283,Zagora,149
3327,Cabo Delgado,150
3329,Gaza,150
3330,Inhambane,150
3337,Manica,150
3332,Maputo,150
3335,Maputo,150
3336,Nampula,150
3333,Niassa,150
3331,Sofala,150
3334,Tete,150
3328,Zambezia,150
2142,Ayeyarwady,151
2141,Bago,151
2137,Chin,151
2143,Kachin,151
2144,Kayah,151
2133,Kayin,151
2136,Magway,151
2134,Mandalay,151
2147,Mon State,151
2146,Naypyidaw,151
2138,Rakhine,151
2145,Sagaing,151
2139,Shan,151
2140,Tanintharyi,151
2135,Yangon,151
43,Erongo,152
38,Hardap,152
45,Karas,152
36,Kavango East,152
35,Kavango West,152
44,Khomas,152
34,Kunene,152
40,Ohangwena,152
41,Omaheke,152
39,Omusati,152
37,Oshana,152
42,Oshikoto,152
46,Otjozondjupa,152
47,Zambezi,152
4656,Aiwo,153
4658,Anabar,153
4667,Anetan,153
4663,Anibare,153
4660,Baiti,153
4665,Boe,153
4662,Buada,153
4666,Denigomodu,153
4654,Ewa,153
4661,Ijuw,153
4657,Meneng,153
4659,Nibok,153
4655,Uaboe,153
4664,Yaren,153
2073,Bagmati,154
2069,Gandaki,154
2068,Karnali,154
2066,Koshi,154
2067,Lumbini,154
5240,Madhesh,154
5241,Sudurpashchim,154
2624,Bonaire,156
2613,Drenthe,156
2619,Flevoland,156
2622,Friesland,156
2611,Gelderland,156
2617,Groningen,156
2615,Limburg,156
2623,North Brabant,156
2612,North Holland,156
2618,Overijssel,156
2621,Saba,156
2616,Sint Eustatius,156
2614,South Holland,156
2610,Utrecht,156
2620,Zeeland,156
5227,Loyalty Islands Province,157
5226,North Province,157
5225,South Province,157
4072,Auckland,158
4074,Bay of Plenty,158
4066,Canterbury,158
4067,Chatham Islands,158
4068,Gisborne,158
4075,Hawke's Bay,158
4060,Manawatu-Wanganui,158
4063,Marlborough,158
4070,Nelson,158
4059,Northland,158
4062,Otago,158
4071,Southland,158
4069,Taranaki,158
4073,Tasman,158
4061,Waikato,158
4065,Wellington,158
4064,West Coast,158
946,Boaco,159
950,Carazo,159
954,Chinandega,159
940,Chontales,159
945,Estelí,159
943,Granada,159
955,Jinotega,159
944,León,159
948,Madriz,159
941,Managua,159
953,Masaya,159
947,Matagalpa,159
951,North Caribbean Coast,159
4964,Nueva Segovia,159
949,Río San Juan,159
942,Rivas,159
952,South Caribbean Coast,159
71,Agadez,160
72,Diffa,160
68,Dosso,160
70,Maradi,160
73,Tahoua,160
67,Tillabéri,160
69,Zinder,160
303,Abia,161
293,Abuja Federal Capital Territory,161
320,Adamawa,161
304,Akwa Ibom,161
315,Anambra,161
312,Bauchi,161
305,Bayelsa,161
291,Benue,161
307,Borno,161
314,Cross River,161
316,Delta,161
311,Ebonyi,161
318,Edo,161
309,Ekiti,161
289,Enugu,161
310,Gombe,161
308,Imo,161
288,Jigawa,161
294,Kaduna,161
300,Kano,161
313,Katsina,161
290,Kebbi,161
298,Kogi,161
295,Kwara,161
306,Lagos,161
301,Nasarawa,161
317,Niger,161
323,Ogun,161
321,Ondo,161
322,Osun,161
296,Oyo,161
302,Plateau,161
4926,Rivers,161
292,Sokoto,161
319,Taraba,161
297,Yobe,161
299,Zamfara,161
3998,Chagang,115
3999,Kangwon,115
3995,North Hamgyong,115
4004,North Hwanghae,115
4002,North Pyongan,115
4005,Pyongyang,115
4001,Rason,115
3996,Ryanggang,115
4000,South Hamgyong,115
4003,South Hwanghae,115
3997,South Pyongan,115
703,Aerodrom,129
656,Aračinovo,129
716,Berovo,129
679,Bitola,129
649,Bogdanci,129
721,Bogovinje,129
652,Bosilovo,129
660,Brvenica,129
694,Butel,129
704,Čair,129
676,Čaška,129
702,Centar,129
720,Centar Župa,129
644,Češinovo-Obleševo,129
715,Čučer-Sandevo,129
645,Debarca,129
695,Delčevo,129
687,Demir Hisar,129
655,Demir Kapija,129
697,Dojran,129
675,Dolneni,129
657,Drugovo,129
707,Gazi Baba,129
648,Gevgelija,129
722,Gjorče Petrov,129
693,Gostivar,129
708,Gradsko,129
684,Greater Skopje,129
690,Ilinden,129
678,Jegunovce,129
674,Karbinci,129
681,Karpoš,129
713,Kavadarci,129
688,Kičevo,129
686,Kisela Voda,129
723,Kočani,129
665,Konče,129
641,Kratovo,129
677,Kriva Palanka,129
647,Krivogaštani,129
714,Kruševo,129
683,Kumanovo,129
659,Lipkovo,129
705,Lozovo,129
701,Makedonska Kamenica,129
692,Makedonski Brod,129
669,Mavrovo and Rostuša,129
653,Mogila,129
664,Negotino,129
696,Novaci,129
718,Novo Selo,129
699,Ohrid,129
682,Oslomej ,129
685,Pehčevo,129
698,Petrovec,129
670,Plasnica,129
666,Prilep,129
646,Probištip,129
709,Radoviš,129
717,Rankovce,129
712,Resen,129
691,Rosoman,129
667,Saraj,129
719,Sopište,129
643,Staro Nagoričane,129
661,Štip,129
700,Struga,129
710,Strumica,129
711,Studeničani,129
680,Šuto Orizari,129
640,Sveti Nikole,129
654,Tearce,129
663,Tetovo,129
671,Valandovo,129
658,Vasilevo,129
651,Veles,129
662,Vevčani,129
672,Vinica,129
650,Vraneštica,129
689,Vrapčište,129
642,Zajas,129
706,Zelenikovo,129
668,Želino,129
673,Zrnovci,129
1014,Agder,165
1009,Innlandet,165
1026,Jan Mayen,165
1020,Møre og Romsdal,165
1025,Nordland,165
1007,Oslo,165
1021,Rogaland,165
1013,Svalbard,165
1015,Troms og Finnmark,165
1006,Trøndelag,165
1024,Vestfold og Telemark,165
1018,Vestland,165
1011,Viken,165
3058,Ad Dakhiliyah,166
3047,Ad Dhahirah,166
3048,Al Batinah North,166
3050,Al Batinah Region,166
3049,Al Batinah South,166
3059,Al Buraimi,166
3056,Al Wusta,166
3053,Ash Sharqiyah North,166
3051,Ash Sharqiyah Region,166
3054,Ash Sharqiyah South,166
3057,Dhofar,166
3052,Musandam,166
3055,Muscat,166
3172,Azad Kashmir,167
3174,Balochistan,167
3173,Federally Administered Tribal Areas,167
3170,Gilgit-Baltistan,167
3169,Islamabad,167
3171,Khyber Pakhtunkhwa,167
3176,Punjab,167
3175,Sindh,167
4540,Aimeliik,168
4528,Airai,168
4538,Angaur,168
4529,Hatohobei,168
4539,Kayangel,168
4532,Koror,168
4530,Melekeok,168
4537,Ngaraard,168
4533,Ngarchelong,168
4527,Ngardmau,168
4531,Ngatpang,168
4536,Ngchesar,168
4541,Ngeremlengui,168
4534,Ngiwal,168
4526,Peleliu,168
4535,Sonsorol,168
5118,Bethlehem,169
5119,Deir El Balah,169
5120,Gaza,169
5121,Hebron,169
5122,Jenin,169
5123,Jericho ,169
5124,Jerusalem (Quds),169
5125,Khan Yunis,169
5126,Nablus,169
5127,North Gaza,169
5128,Qalqilya,169
5129,Rafah,169
5130,Ramallah,169
5131,Salfit,169
5132,Tubas,169
5133,Tulkarm,169
1393,Bocas del Toro,170
1397,Chiriquí Province,170
1387,Coclé,170
1386,Colón,170
1385,Darién,170
1396,Emberá-Wounaan Comarca,170
1388,Guna,170
1389,Herrera,170
1390,Los Santos,170
1391,Ngöbe-Buglé Comarca,170
1395,Panamá,170
1394,Panamá Oeste,170
1392,Veraguas,170
4831,Bougainville,171
4847,Central,171
4846,Chimbu,171
4834,East New Britain,171
5228,East Sepik,171
4845,Eastern Highlands,171
4848,Enga,171
4839,Gulf,171
4833,Hela,171
4832,Jiwaka,171
4843,Madang,171
4842,Manus,171
4849,Milne Bay,171
4835,Morobe,171
4841,New Ireland,171
4838,Oro,171
4837,Port Moresby,171
4836,Sandaun,171
4844,Southern Highlands,171
4830,West New Britain,171
4850,Western,171
4840,Western Highlands,171
2785,Alto Paraguay,172
2784,Alto Paraná,172
2782,Amambay,172
5221,Asuncion,172
2780,Boquerón,172
2773,Caaguazú,172
2775,Caazapá,172
2771,Canindeyú,172
2777,Central,172
2779,Concepción,172
2783,Cordillera,172
2772,Guairá,172
2778,Itapúa,172
2786,Misiones,172
2781,Ñeembucú,172
2774,Paraguarí,172
2770,Presidente Hayes,172
2776,San Pedro,172
3685,Amazonas,173
3680,Áncash,173
3699,Apurímac,173
3681,Arequipa,173
3692,Ayacucho,173
3688,Cajamarca,173
3701,Callao,173
3691,Cusco,173
3679,Huancavelica,173
3687,Huanuco,173
3700,Ica,173
3693,Junín,173
3683,La Libertad,173
3702,Lambayeque,173
3695,Lima,173
4922,Loreto,173
3678,Madre de Dios,173
3698,Moquegua,173
3686,Pasco,173
3697,Piura,173
3682,Puno,173
3694,San Martín,173
3696,Tacna,173
3689,Tumbes,173
3684,Ucayali,173
1324,Abra,174
1323,Agusan del Norte,174
1326,Agusan del Sur,174
1331,Aklan,174
1337,Albay,174
1336,Antique,174
1334,Apayao,174
1341,Aurora,174
1316,Autonomous Region in Muslim Mindanao,174
1346,Basilan,174
1344,Bataan,174
1352,Batanes,174
1359,Batangas,174
1363,Benguet,174
1304,Bicol,174
1274,Biliran,174
1272,Bohol,174
1270,Bukidnon,174
1278,Bulacan,174
1279,Cagayan,174
1342,Cagayan Valley,174
1294,Calabarzon,174
1283,Camarines Norte,174
1287,Camarines Sur,174
1285,Camiguin,174
1292,Capiz,174
1314,Caraga,174
1301,Catanduanes,174
1307,Cavite,174
1306,Cebu,174
1345,Central Luzon,174
1308,Central Visayas,174
1311,Compostela Valley,174
1335,Cordillera Administrative,174
1320,Cotabato,174
1340,Davao,174
1319,Davao del Norte,174
1318,Davao del Sur,174
1309,Davao Occidental,174
1289,Davao Oriental,174
1291,Dinagat Islands,174
1290,Eastern Samar,174
1322,Eastern Visayas,174
1303,Guimaras,174
1300,Ifugao,174
1355,Ilocos,174
1298,Ilocos Norte,174
1321,Ilocos Sur,174
1315,Iloilo,174
1313,Isabela,174
1312,Kalinga,174
1317,La Union,174
1328,Laguna,174
1327,Lanao del Norte,174
1333,Lanao del Sur,174
1332,Leyte,174
1330,Maguindanao,174
1329,Marinduque,174
1338,Masbate,174
1347,Metro Manila,174
5324,Metro Manila(National Capital Region),174
1299,Mimaropa,174
1343,Misamis Occidental,174
1348,Misamis Oriental,174
1353,Mountain Province,174
1351,Negros Occidental,174
1350,Negros Oriental,174
1339,Northern Mindanao,174
1349,Northern Samar,174
1360,Nueva Ecija,174
1358,Nueva Vizcaya,174
1356,Occidental Mindoro,174
1354,Oriental Mindoro,174
1361,Palawan,174
1365,Pampanga,174
1364,Pangasinan,174
1275,Quezon,174
1273,Quirino,174
1271,Rizal,174
1269,Romblon,174
1277,Sarangani,174
1276,Siquijor,174
1310,Soccsksargen,174
1281,Sorsogon,174
1280,South Cotabato,174
1284,Southern Leyte,174
1282,Sultan Kudarat,174
1288,Sulu,174
1286,Surigao del Norte,174
1296,Surigao del Sur,174
1295,Tarlac,174
1293,Tawi-Tawi,174
5115,Western Samar,174
1305,Western Visayas,174
1297,Zambales,174
1302,Zamboanga del Norte,174
1357,Zamboanga del Sur,174
1325,Zamboanga Peninsula,174
1362,Zamboanga Sibugay,174
1634,Greater Poland,176
1630,Holy Cross,176
1625,Kuyavia-Pomerania,176
1635,Lesser Poland,176
1629,Lower Silesia,176
1638,Lublin,176
1631,Lubusz,176
1636,Łódź,176
1637,Mazovia,176
1632,Podlaskie,176
1624,Pomerania,176
1623,Silesia,176
1626,Subcarpathia,176
1622,Upper Silesia,176
1628,Warmia-Masuria,176
1633,West Pomerania,176
2233,Açores,177
2235,Aveiro,177
2230,Beja,177
2244,Braga,177
2229,Bragança,177
2241,Castelo Branco,177
2246,Coimbra,177
2236,Évora,177
2239,Faro,177
4859,Guarda,177
2240,Leiria,177
2228,Lisbon,177
2231,Madeira,177
2232,Portalegre,177
2243,Porto,177
2238,Santarém,177
2242,Setúbal,177
2245,Viana do Castelo,177
2234,Vila Real,177
2237,Viseu,177
5134,Adjuntas,178
5135,Aguada,178
5136,Aguadilla,178
5137,Aguas Buenas,178
5138,Aibonito,178
5139,Añasco,178
5140,Arecibo,178
5081,Arecibo,178
5141,Arroyo,178
5142,Barceloneta,178
5143,Barranquitas,178
5076,Bayamon,178
5144,Bayamón,178
5145,Cabo Rojo,178
5079,Caguas,178
5146,Caguas,178
5147,Camuy,178
5148,Canóvanas,178
5077,Carolina,178
5149,Carolina,178
5150,Cataño,178
5151,Cayey,178
5152,Ceiba,178
5153,Ciales,178
5154,Cidra,178
5155,Coamo,178
5156,Comerío,178
5157,Corozal,178
5158,Culebra,178
5159,Dorado,178
5160,Fajardo,178
5161,Florida,178
5162,Guánica,178
5163,Guayama,178
5164,Guayanilla,178
5080,Guaynabo,178
5165,Guaynabo,178
5166,Gurabo,178
5167,Hatillo,178
5168,Hormigueros,178
5169,Humacao,178
5170,Isabela,178
5171,Jayuya,178
5172,Juana Díaz,178
5173,Juncos,178
5174,Lajas,178
5175,Lares,178
5176,Las Marías,178
5177,Las Piedras,178
5178,Loíza,178
5179,Luquillo,178
5180,Manatí,178
5181,Maricao,178
5182,Maunabo,178
5083,Mayagüez,178
5183,Mayagüez,178
5184,Moca,178
5185,Morovis,178
5186,Naguabo,178
5187,Naranjito,178
5188,Orocovis,178
5189,Patillas,178
5190,Peñuelas,178
5078,Ponce,178
5191,Ponce,178
5192,Quebradillas,178
5193,Rincón,178
5194,Río Grande,178
5195,Sabana Grande,178
5196,Salinas,178
5197,San Germán,178
5198,San Juan,178
5075,San Juan,178
5199,San Lorenzo,178
5200,San Sebastián,178
5201,Santa Isabel,178
5202,Toa Alta,178
5082,Toa Baja,178
5203,Toa Baja,178
5084,Trujillo Alto,178
5204,Trujillo Alto,178
5205,Utuado,178
5206,Vega Alta,178
5207,Vega Baja,178
5208,Vieques,178
5209,Villalba,178
5210,Yabucoa,178
5211,Yauco,178
3182,Al Daayen,179
3183,Al Khor,179
3177,Al Rayyan,179
3179,Al Wakrah,179
3178,Al-Shahaniya,179
3181,Doha,179
3180,Madinat ash Shamal,179
3184,Umm Salal,179
4724,Alba,181
4739,Arad,181
4722,Arges,181
4744,Bacău,181
4723,Bihor,181
4733,Bistrița-Năsăud,181
4740,Botoșani,181
4736,Braila,181
4759,Brașov,181
4730,Bucharest,181
4756,Buzău,181
4732,Călărași,181
4753,Caraș-Severin,181
4734,Cluj,181
4737,Constanța,181
4754,Covasna,181
4745,Dâmbovița,181
4742,Dolj,181
4747,Galați,181
4726,Giurgiu,181
4750,Gorj,181
4749,Harghita,181
4721,Hunedoara,181
4743,Ialomița,181
4735,Iași,181
4725,Ilfov,181
4760,Maramureș,181
4751,Mehedinți,181
4915,Mureș,181
4731,Neamț,181
4738,Olt,181
4729,Prahova,181
4741,Sălaj,181
4746,Satu Mare,181
4755,Sibiu,181
4720,Suceava,181
4728,Teleorman,181
4748,Timiș,181
4727,Tulcea,181
4757,Vâlcea,181
4752,Vaslui,181
4758,Vrancea,181
1852,Adygea,182
1911,Altai,182
1876,Altai,182
1858,Amur,182
1849,Arkhangelsk,182
1866,Astrakhan,182
1854,Bashkortostan,182
1903,Belgorod,182
1867,Bryansk,182
1842,Buryatia,182
1893,Chechen,182
1845,Chelyabinsk,182
1859,Chukotka,182
1914,Chuvash,182
1850,Dagestan,182
1884,Ingushetia,182
1880,Irkutsk,182
1864,Ivanovo,182
1835,Jewish,182
1892,Kabardino-Balkar,182
1902,Kaliningrad,182
1883,Kalmykia,182
1844,Kaluga,182
1865,Kamchatka,182
1869,Karachay-Cherkess,182
1841,Karelia,182
1897,Kemerovo,182
1873,Khabarovsk,182
1877,Khakassia,182
1838,Khanty-Mansi,182
1890,Kirov,182
1899,Komi,182
1910,Kostroma,182
1891,Krasnodar,182
1840,Krasnoyarsk,182
1915,Kurgan,182
1855,Kursk,182
1896,Leningrad,182
1889,Lipetsk,182
1839,Magadan,182
1870,Mari El,182
1898,Mordovia,182
1882,Moscow,182
1901,Moscow,182
1843,Murmansk,182
1836,Nenets,182
1857,Nizhny Novgorod,182
1853,North Ossetia-Alania,182
1834,Novgorod,182
1888,Novosibirsk,182
1846,Omsk,182
1886,Orenburg,182
1908,Oryol,182
1909,Penza,182
1871,Perm,182
1833,Primorsky,182
1863,Pskov,182
1837,Rostov,182
1905,Ryazan,182
1879,Saint Petersburg,182
1848,Sakha,182
1875,Sakhalin,182
1862,Samara,182
1887,Saratov,182
1885,Smolensk,182
1868,Stavropol,182
1894,Sverdlovsk,182
1878,Tambov,182
1861,Tatarstan,182
1872,Tomsk,182
1895,Tula,182
1900,Tuva,182
1860,Tver,182
1907,Tyumen,182
1913,Udmurt,182
1856,Ulyanovsk,182
1881,Vladimir,182
4916,Volgograd Oblast,182
1874,Vologda,182
1906,Voronezh,182
1847,Yamalo-Nenets,182
1851,Yaroslavl,182
1904,Zabaykalsky,182
261,Eastern,183
262,Kigali,183
263,Northern,183
259,Southern,183
260,Western,183
3833,Christ Church Nichola Town,185
3832,Nevis,185
3836,Saint Anne Sandy Point,185
3837,Saint George Gingerland,185
3835,Saint James Windward,185
3845,Saint John Capisterre,185
3840,Saint John Figtree,185
3841,Saint Kitts,185
3844,Saint Mary Cayon,185
3834,Saint Paul Capisterre,185
3838,Saint Paul Charlestown,185
3831,Saint Peter Basseterre,185
3839,Saint Thomas Lowland,185
3842,Saint Thomas Middle Island,185
3843,Trinity Palmetto Point,185
3757,Anse la Raye,186
3761,Canaries,186
3758,Castries,186
3760,Choiseul,186
3767,Dauphin,186
3756,Dennery,186
3766,Gros Islet,186
3759,Laborie,186
3762,Micoud,186
3765,Praslin,186
3764,Soufrière,186
3763,Vieux Fort,186
3389,Charlotte,188
3388,Grenadines,188
3386,Saint Andrew,188
3387,Saint David,188
3384,Saint George,188
3385,Saint Patrick,188
4763,A'ana,191
4761,Aiga-i-le-Tai,191
4765,Atua,191
4764,Fa'asaleleaga,191
4769,Gaga'emauga,191
4771,Gaga'ifomauga,191
4767,Palauli,191
4762,Satupa'itea,191
4770,Tuamasaga,191
4768,Va'a-o-Fonoti,191
4766,Vaisigano,191
59,Acquaviva,192
61,Borgo Maggiore,192
60,Chiesanuova,192
64,Domagnano,192
62,Faetano,192
66,Fiorentino,192
63,Montegiardino,192
58,San Marino,192
65,Serravalle,192
270,Príncipe,193
271,São Tomé,193
2853,'Asir,194
2859,Al Bahah,194
2857,Al Jawf,194
2851,Al Madinah,194
2861,Al-Qassim,194
2856,Eastern Province,194
2855,Ha'il,194
2858,Jizan,194
2850,Makkah,194
2860,Najran,194
2854,Northern Borders,194
2849,Riyadh,194
2852,Tabuk,194
473,Dakar,195
480,Diourbel Region,195
479,Fatick,195
475,Kaffrine,195
483,Kaolack,195
481,Kédougou,195
474,Kolda,195
485,Louga,195
476,Matam,195
477,Saint-Louis,195
482,Sédhiou,195
486,Tambacounda Region,195
484,Thiès Region,195
478,Ziguinchor,195
3728,Belgrade,196
3717,Bor,196
3732,Braničevo,196
3716,Central Banat,196
3715,Jablanica,196
3724,Kolubara,196
3719,Mačva,196
3727,Moravica,196
3722,Nišava,196
3714,North Bačka,196
3736,North Banat,196
3721,Pčinja,196
3712,Pirot,196
3741,Podunavlje,196
3737,Pomoravlje,196
3720,Rasina,196
3725,Raška,196
3711,South Bačka,196
3713,South Banat,196
3740,Srem,196
3734,Šumadija,196
3718,Toplica,196
3733,Vojvodina,196
3726,West Bačka,196
3731,Zaječar,196
3729,Zlatibor,196
513,Anse Boileau,197
502,Anse Royale,197
506,Anse-aux-Pins,197
508,Au Cap,197
497,Baie Lazare,197
514,Baie Sainte Anne,197
512,Beau Vallon,197
515,Bel Air,197
505,Bel Ombre,197
517,Cascade,197
503,Glacis,197
500,Grand'Anse Mahé,197
504,Grand'Anse Praslin,197
495,La Digue,197
516,La Rivière Anglaise,197
499,Les Mamelles,197
494,Mont Buxton,197
498,Mont Fleuri,197
511,Plaisance,197
510,Pointe La Rue,197
507,Port Glaud,197
501,Roche Caiman,197
496,Saint Louis,197
509,Takamaka,197
914,Eastern,198
911,Northern,198
912,Southern,198
913,Western,198
4651,Central Singapore,199
4649,North East,199
4653,North West,199
4650,South East,199
4652,South West,199
4352,Banská Bystrica,200
4356,Bratislava,200
4353,Košice,200
4357,Nitra,200
4354,Prešov,200
4358,Trenčín,200
4355,Trnava,200
4359,Žilina,200
4183,Ajdovščina,201
4326,Ankaran,201
4318,Apače,201
4301,Beltinci,201
4166,Benedikt,201
4179,Bistrica ob Sotli,201
4202,Bled,201
4278,Bloke,201
4282,Bohinj,201
4200,Borovnica,201
4181,Bovec,201
4141,Braslovče,201
4240,Brda,201
4215,Brežice,201
4165,Brezovica,201
4147,Cankova,201
4191,Celje,201
4310,Cerklje na Gorenjskem,201
4162,Cerknica,201
4178,Cerkno,201
4176,Cerkvenjak,201
4309,Cirkulane,201
4151,Črenšovci,201
4232,Črna na Koroškem,201
4291,Črnomelj,201
4304,Destrnik,201
4167,Divača,201
4295,Dobje,201
4216,Dobrepolje,201
4252,Dobrna,201
4308,Dobrova–Polhov Gradec,201
4189,Dobrovnik,201
4173,Dol pri Ljubljani,201
4281,Dolenjske Toplice,201
4159,Domžale,201
4290,Dornava,201
4345,Dravograd,201
4213,Duplek,201
4293,Gorenja Vas–Poljane,201
4210,Gorišnica,201
4284,Gorje,201
4343,Gornja Radgona,201
4339,Gornji Grad,201
4271,Gornji Petrovci,201
4217,Grad,201
4336,Grosuplje,201
4145,Hajdina,201
4175,Hoče–Slivnica,201
4327,Hodoš,201
4193,Horjul,201
4341,Hrastnik,201
4321,Hrpelje–Kozina,201
4152,Idrija,201
4286,Ig,201
4344,Ilirska Bistrica,201
4305,Ivančna Gorica,201
4322,Izola,201
4337,Jesenice,201
4203,Jezersko,201
4266,Juršinci,201
4180,Kamnik,201
4227,Kanal ob Soči,201
4150,Kidričevo,201
4243,Kobarid,201
4325,Kobilje,201
4335,Kočevje,201
4315,Komen,201
4283,Komenda,201
4319,Koper,201
4254,Kostanjevica na Krki,201
4331,Kostel,201
4186,Kozje,201
4287,Kranj,201
4340,Kranjska Gora,201
4238,Križevci,201
4314,Krško,201
4197,Kungota,201
4211,Kuzma,201
4338,Laško,201
4142,Lenart,201
4225,Lendava,201
4347,Litija,201
4270,Ljubljana,201
4294,Ljubno,201
4351,Ljutomer,201
4306,Log–Dragomer,201
4350,Logatec,201
4174,Loška Dolina,201
4158,Loški Potok,201
4156,Lovrenc na Pohorju,201
4219,Luče,201
4302,Lukovica,201
4157,Majšperk,201
4224,Makole,201
4242,Maribor,201
4244,Markovci,201
4349,Medvode,201
4348,Mengeš,201
4323,Metlika,201
4265,Mežica,201
4223,Miklavž na Dravskem Polju,201
4220,Miren–Kostanjevica,201
4298,Mirna,201
4237,Mirna Peč,201
4212,Mislinja,201
4297,Mokronog–Trebelno,201
4168,Moravče,201
4218,Moravske Toplice,201
4190,Mozirje,201
4313,Murska Sobota,201
4208,Muta,201
4177,Naklo,201
4329,Nazarje,201
4205,Nova Gorica,201
4236,Novo Mesto,201
4320,Odranci,201
4143,Oplotnica,201
4221,Ormož,201
4199,Osilnica,201
4172,Pesnica,201
4201,Piran,201
4184,Pivka,201
4146,Podčetrtek,201
4161,Podlehnik,201
4234,Podvelka,201
4239,Poljčane,201
4272,Polzela,201
4330,Postojna,201
4188,Prebold,201
4303,Preddvor,201
4274,Prevalje,201
4228,Ptuj,201
4288,Puconci,201
4204,Rače–Fram,201
4195,Radeče,201
4292,Radenci,201
4275,Radlje ob Dravi,201
4231,Radovljica,201
4155,Ravne na Koroškem,201
4206,Razkrižje,201
4160,Rečica ob Savinji,201
4253,Renče–Vogrsko,201
4235,Ribnica,201
4207,Ribnica na Pohorju,201
4233,Rogaška Slatina,201
4264,Rogašovci,201
4209,Rogatec,201
4280,Ruše,201
4222,Šalovci,201
4230,Selnica ob Dravi,201
4346,Semič,201
4317,Šempeter–Vrtojba,201
4299,Šenčur,201
4324,Šentilj,201
4241,Šentjernej,201
4171,Šentjur,201
4311,Šentrupert,201
4268,Sevnica,201
4149,Sežana,201
4170,Škocjan,201
4316,Škofja Loka,201
4187,Škofljica,201
4169,Slovenj Gradec,201
4332,Slovenska Bistrica,201
4198,Slovenske Konjice,201
4285,Šmarje pri Jelšah,201
4289,Šmarješke Toplice,201
4296,Šmartno ob Paki,201
4279,Šmartno pri Litiji,201
4277,Sodražica,201
4261,Solčava,201
4248,Šoštanj,201
4263,Središče ob Dravi,201
4259,Starše,201
4185,Štore,201
4333,Straža,201
4164,Sveta Ana,201
4260,Sveta Trojica v Slovenskih Goricah,201
4229,Sveti Andraž v Slovenskih Goricah,201
4255,Sveti Jurij ob Ščavnici,201
4328,Sveti Jurij v Slovenskih Goricah,201
4273,Sveti Tomaž,201
4194,Tabor,201
4312,Tišina,201
4247,Tolmin,201
4246,Trbovlje,201
4214,Trebnje,201
4153,Trnovska Vas,201
4250,Tržič,201
4334,Trzin,201
4251,Turnišče,201
4267,Velika Polana,201
4144,Velike Lašče,201
4257,Veržej,201
4300,Videm,201
4196,Vipava,201
4148,Vitanje,201
4154,Vodice,201
4245,Vojnik,201
4163,Vransko,201
4262,Vrhnika,201
4226,Vuzenica,201
4269,Zagorje ob Savi,201
4258,Žalec,201
4182,Zavrč,201
4256,Železniki,201
4249,Žetale,201
4192,Žiri,201
4276,Žirovnica,201
4342,Zreče,201
4307,Žužemberk,201
4784,Central,202
4781,Choiseul,202
4785,Guadalcanal,202
4778,Honiara,202
4780,Isabel,202
4782,Makira-Ulawa,202
4783,Malaita,202
4787,Rennell and Bellona,202
4779,Temotu,202
4786,Western,202
925,Awdal,203
917,Bakool,203
927,Banaadir,203
930,Bari,203
926,Bay,203
918,Galguduud,203
928,Gedo,203
915,Hiran,203
924,Lower Juba,203
921,Lower Shebelle,203
922,Middle Juba,203
923,Middle Shebelle,203
916,Mudug,203
920,Nugal,203
919,Sanaag,203
929,Togdheer,203
938,Eastern Cape,204
932,Free State,204
936,Gauteng,204
935,KwaZulu-Natal,204
933,Limpopo,204
937,Mpumalanga,204
934,North West,204
931,Northern Cape,204
939,Western Cape,204
3860,Busan,116
3846,Daegu,116
3850,Daejeon,116
3862,Gangwon,116
3858,Gwangju,116
3847,Gyeonggi,116
3848,Incheon,116
3853,Jeju,116
3854,North Chungcheong,116
3855,North Gyeongsang,116
3851,North Jeolla,116
3861,Sejong City,116
3849,Seoul,116
3859,South Chungcheong,116
3857,South Gyeongsang,116
3856,South Jeolla,116
3852,Ulsan,116
2092,Central Equatoria,206
2093,Eastern Equatoria,206
2094,Jonglei State,206
2090,Lakes,206
2088,Northern Bahr el Ghazal,206
2085,Unity,206
2086,Upper Nile,206
2087,Warrap,206
2091,Western Bahr el Ghazal,206
2089,Western Equatoria,206
5089,A Coruña,207
5109,Albacete,207
5108,Alicante,207
5095,Almeria,207
5325,Andalusia,207
5093,Araba,207
5326,Aragon,207
5327,Asturias,207
1160,Asturias,207
1189,Ávila,207
5092,Badajoz,207
5335,Balearic Islands,207
5102,Barcelona,207
5332,Basque Country,207
5094,Bizkaia,207
1146,Burgos,207
1190,Caceres,207
5096,Cádiz,207
5222,Canary Islands,207
5328,Cantabria,207
1170,Cantabria,207
5110,Castellón,207
5329,Castile and Leon,207
5330,Castilla-La Mancha,207
5331,Catalonia,207
5223,Ceuta,207
5105,Ciudad Real,207
5337,Community of Madrid,207
5097,Córdoba,207
5106,Cuenca,207
5333,Estremadura,207
5334,Galicia,207
1191,Gipuzkoa,207
5103,Girona,207
5098,Granada,207
5107,Guadalajara,207
5099,Huelva,207
1177,Huesca,207
1174,Islas Baleares,207
5100,Jaén,207
5336,La Rioja,207
1171,La Rioja,207
1185,Las Palmas,207
1200,León,207
5104,Lleida,207
5090,Lugo,207
1158,Madrid,207
5101,Málaga,207
5224,Melilla,207
1176,Murcia,207
1204,Navarra,207
5339,Navarre,207
5091,Ourense,207
1157,Palencia,207
1167,Pontevedra,207
5338,Region of Murcia,207
1147,Salamanca,207
5112,Santa Cruz de Tenerife,207
1192,Segovia,207
1193,Sevilla,207
1208,Soria,207
1203,Tarragona,207
5111,Teruel,207
1205,Toledo,207
1175,Valencia,207
5340,Valencian Community,207
1183,Valladolid,207
1161,Zamora,207
5113,Zaragoza,207
2799,Ampara,208
2816,Anuradhapura,208
2790,Badulla,208
2818,Batticaloa,208
2798,Central,208
2815,Colombo,208
2808,Eastern,208
2792,Galle,208
2804,Gampaha,208
2791,Hambantota,208
2787,Jaffna,208
2789,Kalutara,208
2788,Kandy,208
2797,Kegalle,208
2793,Kilinochchi,208
2805,Mannar,208
2810,Matale,208
2806,Matara,208
2819,Monaragala,208
2814,Mullaitivu,208
2800,North Central,208
2817,North Western,208
2813,Northern,208
2794,Nuwara Eliya,208
2812,Polonnaruwa,208
2796,Puttalam,208
2807,Ratnapura,208
2803,Sabaragamuwa,208
2801,Southern,208
2795,Trincomalee,208
2811,Uva,208
2809,Vavuniya,208
2802,Western,208
885,Al Jazirah,209
886,Al Qadarif,209
887,Blue Nile,209
896,Central Darfur,209
892,East Darfur,209
884,Kassala,209
881,Khartoum,209
890,North Darfur,209
893,North Kordofan,209
895,Northern,209
880,Red Sea,209
891,River Nile,209
882,Sennar,209
894,South Darfur,209
883,South Kordofan,209
888,West Darfur,209
889,West Kordofan,209
879,White Nile,209
2846,Brokopondo,210
2839,Commewijne,210
2842,Coronie,210
2845,Marowijne,210
2840,Nickerie,210
2841,Para,210
2843,Paramaribo,210
2848,Saramacca,210
2847,Sipaliwini,210
2844,Wanica,210
1537,Blekinge,213
1534,Dalarna,213
1533,Gävleborg,213
1546,Gotland,213
1548,Halland,213
5117,Jämtland,213
1550,Jönköping,213
1544,Kalmar,213
1542,Kronoberg,213
1538,Norrbotten,213
1539,Örebro,213
1536,Östergötland,213
1541,Skåne,213
1540,Södermanland,213
1551,Stockholm,213
1545,Uppsala,213
1535,Värmland,213
1543,Västerbotten,213
1552,Västernorrland,213
1549,Västmanland,213
1547,Västra Götaland,213
1639,Aargau,214
1655,Appenzell Ausserrhoden,214
1649,Appenzell Innerrhoden,214
1641,Basel-Land,214
4957,Basel-Stadt,214
1645,Bern,214
1640,Fribourg,214
1647,Geneva,214
1661,Glarus,214
1660,Graubünden,214
1658,Jura,214
1663,Lucerne,214
1659,Neuchâtel,214
1652,Nidwalden,214
1650,Obwalden,214
1654,Schaffhausen,214
1653,Schwyz,214
1662,Solothurn,214
1644,St. Gallen,214
1657,Thurgau,214
1643,Ticino,214
1642,Uri,214
1648,Valais,214
1651,Vaud,214
1646,Zug,214
1656,Zürich,214
2941,Al-Hasakah,215
2944,Al-Raqqah,215
2946,Aleppo,215
2936,As-Suwayda,215
2939,Damascus,215
2945,Daraa,215
2937,Deir ez-Zor,215
2934,Hama,215
2942,Homs,215
2940,Idlib,215
2938,Latakia,215
2943,Quneitra,215
2935,Rif Dimashq,215
2947,Tartus,215
3404,Changhua,216
3408,Chiayi,216
3418,Chiayi,216
3423,Hsinchu,216
3417,Hsinchu,216
3411,Hualien,216
3412,Kaohsiung,216
4965,Keelung,216
3415,Kinmen,216
3420,Lienchiang,216
3413,Miaoli,216
3407,Nantou,216
4966,New Taipei,216
3403,Penghu,216
3405,Pingtung,216
3406,Taichung,216
3421,Tainan,216
3422,Taipei,216
3410,Taitung,216
3419,Taoyuan,216
3402,Yilan,216
3416,Yunlin,216
3399,Gorno-Badakhshan,217
3398,Khatlon,217
3397,Nohiyahoi Tobei Jumhurí ,217
3400,Sughd ,217
1491,Arusha,218
1490,Dar es Salaam,218
1466,Dodoma,218
1481,Geita,218
1489,Iringa,218
1465,Kagera,218
1482,Katavi,218
1478,Kigoma,218
1467,Kilimanjaro,218
1483,Lindi,218
1484,Manyara,218
1468,Mara,218
4955,Mbeya,218
1470,Morogoro,218
1476,Mtwara,218
1479,Mwanza,218
1480,Njombe,218
1488,Pemba North,218
1472,Pemba South,218
1485,Pwani,218
1477,Rukwa,218
1486,Ruvuma,218
1463,Shinyanga,218
1464,Simiyu,218
1474,Singida,218
4956,Songwe,218
1469,Tabora,218
1487,Tanga,218
1473,Zanzibar North,218
1471,Zanzibar South,218
1475,Zanzibar West,218
3523,Amnat Charoen,219
3519,Ang Thong,219
3554,Bangkok,219
3533,Bueng Kan,219
3534,Buri Ram,219
3552,Chachoengsao,219
3522,Chai Nat,219
4954,Chaiyaphum,219
3486,Chanthaburi,219
3491,Chiang Mai,219
3498,Chiang Rai,219
3513,Chon Buri,219
3526,Chumphon,219
3550,Kalasin,219
3516,Kamphaeng Phet,219
3511,Kanchanaburi,219
3485,Khon Kaen,219
3478,Krabi,219
3544,Lampang,219
3483,Lamphun,219
3509,Loei,219
3543,Lop Buri,219
3505,Mae Hong Son,219
3517,Maha Sarakham,219
3546,Mukdahan,219
3535,Nakhon Nayok,219
3503,Nakhon Pathom,219
3548,Nakhon Phanom,219
3497,Nakhon Ratchasima,219
3492,Nakhon Sawan,219
3520,Nakhon Si Thammarat,219
3530,Nan,219
3553,Narathiwat,219
3480,Nong Bua Lam Phu,219
3484,Nong Khai,219
3495,Nonthaburi,219
3500,Pathum Thani,219
3540,Pattani,219
3507,Pattaya,219
3549,Phangnga,219
3488,Phatthalung,219
3538,Phayao,219
3515,Phetchabun,219
3532,Phetchaburi,219
3514,Phichit,219
3506,Phitsanulok,219
3494,Phra Nakhon Si Ayutthaya,219
3528,Phrae,219
3536,Phuket,219
3542,Prachin Buri,219
3508,Prachuap Khiri Khan,219
3479,Ranong,219
3499,Ratchaburi,219
3518,Rayong,219
3510,Roi Et,219
3529,Sa Kaeo,219
3501,Sakon Nakhon,219
3481,Samut Prakan,219
3504,Samut Sakhon,219
3502,Samut Songkhram,219
3487,Saraburi,219
3537,Satun,219
3547,Si Sa Ket,219
3490,Sing Buri,219
3539,Songkhla,219
3545,Sukhothai,219
3524,Suphan Buri,219
3482,Surat Thani,219
3531,Surin,219
3525,Tak,219
3541,Trang,219
3496,Trat,219
3512,Ubon Ratchathani,219
3527,Udon Thani,219
3551,Uthai Thani,219
3489,Uttaradit,219
3493,Yala,219
3521,Yasothon,219
3601,Acklins,17
3628,Acklins and Crooked Islands,17
3593,Berry Islands,17
3629,Bimini,17
3605,Black Point,17
3611,Cat Island,17
3603,Central Abaco,17
3631,Central Andros,17
3596,Central Eleuthera,17
3621,Crooked Island,17
3614,East Grand Bahama,17
3612,Exuma,17
3626,Freeport,17
3619,Fresh Creek,17
3597,Governor's Harbour,17
3632,Grand Cay,17
3595,Green Turtle Cay,17
3613,Harbour Island,17
3598,High Rock,17
3624,Hope Town,17
3609,Inagua,17
3618,Kemps Bay,17
3610,Long Island,17
3625,Mangrove Cay,17
3604,Marsh Harbour,17
3633,Mayaguana,17
4881,New Providence,17
3594,Nichollstown and Berry Islands,17
3616,North Abaco,17
3617,North Andros,17
3602,North Eleuthera,17
3615,Ragged Island,17
3623,Rock Sound,17
3600,Rum Cay,17
3620,San Salvador and Rum Cay,17
3627,San Salvador Island,17
3606,Sandy Point,17
3608,South Abaco,17
3622,South Andros,17
3607,South Eleuthera,17
3630,Spanish Wells,17
3599,West Grand Bahama,17
2666,Banjul,80
2669,Central River,80
2670,Lower River,80
2671,North Bank,80
2668,Upper River,80
2667,West Coast,80
4520,Aileu,63
4518,Ainaro,63
4521,Baucau,63
4525,Bobonaro,63
4522,Cova Lima,63
4524,Dili,63
4516,Ermera,63
4523,Lautém,63
4515,Liquiçá,63
4517,Manatuto,63
4519,Manufahi,63
4514,Viqueque,63
2575,Centrale,220
2579,Kara,220
2576,Maritime,220
2577,Plateaux,220
2578,Savanes,220
3913,Haʻapai,222
3915,ʻEua,222
3914,Niuas,222
3912,Tongatapu,222
3911,Vavaʻu,222
3362,Arima,223
3366,Chaguanas,223
3354,Couva-Tabaquite-Talparo,223
3367,Diego Martin,223
3355,Eastern Tobago,223
3365,Penal-Debe,223
3360,Point Fortin,223
3363,Port of Spain,223
3368,Princes Town,223
3356,Rio Claro-Mayaro,223
3359,San Fernando,223
3357,San Juan-Laventille,223
3361,Sangre Grande,223
3364,Siparia,223
3358,Tunapuna-Piarco,223
3353,Western Tobago,223
2550,Ariana,224
2572,Béja,224
2566,Ben Arous,224
2551,Bizerte,224
2558,Gabès,224
2556,Gafsa,224
2552,Jendouba,224
2564,Kairouan,224
2570,Kasserine,224
2562,Kebili,224
2561,Kef,224
2568,Mahdia,224
2555,Manouba,224
2560,Medenine,224
2553,Monastir,224
5116,Nabeul,224
2557,Sfax,224
2567,Sidi Bouzid,224
2563,Siliana,224
2571,Sousse,224
2559,Tataouine,224
2569,Tozeur,224
2554,Tunis,224
2565,Zaghouan,224
2212,Adana,225
2155,Adıyaman,225
2179,Afyonkarahisar,225
2193,Ağrı,225
2210,Aksaray,225
2161,Amasya,225
2217,Ankara,225
2169,Antalya,225
2185,Ardahan,225
2191,Artvin,225
2187,Aydın,225
2175,Balıkesir,225
2148,Bartın,225
2194,Batman,225
2177,Bayburt,225
2221,Bilecik,225
2153,Bingöl,225
2215,Bitlis,225
2172,Bolu,225
2209,Burdur,225
2163,Bursa,225
2216,Çanakkale,225
2168,Çankırı,225
2173,Çorum,225
2157,Denizli,225
2226,Diyarbakır,225
2202,Düzce,225
2151,Edirne,225
2159,Elazığ,225
2160,Erzincan,225
2165,Erzurum,225
2164,Eskişehir,225
2203,Gaziantep,225
2186,Giresun,225
2204,Gümüşhane,225
2190,Hakkâri,225
2211,Hatay,225
2166,Iğdır,225
2222,Isparta,225
2170,İstanbul,225
2205,İzmir,225
2227,Kahramanmaraş,225
2223,Karabük,225
2184,Karaman,225
2208,Kars,225
2197,Kastamonu,225
2200,Kayseri,225
2154,Kilis,225
2178,Kırıkkale,225
2176,Kırklareli,225
2180,Kırşehir,225
2195,Kocaeli,225
2171,Konya,225
2149,Kütahya,225
2158,Malatya,225
2198,Manisa,225
2224,Mardin,225
2156,Mersin,225
2182,Muğla,225
2162,Muş,225
2196,Nevşehir,225
2189,Niğde,225
2174,Ordu,225
2214,Osmaniye,225
2219,Rize,225
2150,Sakarya,225
2220,Samsun,225
2183,Şanlıurfa,225
2207,Siirt,225
4854,Sinop,225
2181,Sivas,225
2225,Şırnak,225
2167,Tekirdağ,225
2199,Tokat,225
2206,Trabzon,225
2192,Tunceli,225
2201,Uşak,225
2152,Van,225
2218,Yalova,225
2188,Yozgat,225
2213,Zonguldak,225
3374,Ahal,226
3371,Ashgabat,226
3372,Balkan,226
3373,Daşoguz,226
3370,Lebap,226
3369,Mary,226
3951,Funafuti,228
3947,Nanumanga,228
3949,Nanumea,228
3946,Niutao Island Council,228
3948,Nui,228
3952,Nukufetau,228
3953,Nukulaelae,228
3950,Vaitupu,228
329,Abim,229
361,Adjumani,229
392,Agago,229
344,Alebtong,229
416,Amolatar,229
353,Amudat,229
352,Amuria,229
335,Amuru,229
328,Apac,229
447,Arua,229
441,Budaka,229
349,Bududa,229
387,Bugiri,229
391,Buhweju,229
377,Buikwe,229
343,Bukedea,229
375,Bukomansimbi,229
385,Bukwo,229
428,Bulambuli,229
389,Buliisa,229
419,Bundibugyo,229
381,Bunyangabu,229
386,Bushenyi,229
431,Busia,229
365,Butaleja,229
384,Butambala,229
388,Butebo,229
414,Buvuma,229
380,Buyende,229
396,Central,229
341,Dokolo,229
372,Eastern,229
366,Gomba,229
413,Gulu,229
339,Ibanda,229
340,Iganga,229
383,Isingiro,229
367,Jinja,229
434,Kaabong,229
426,Kabale,229
326,Kabarole,229
336,Kaberamaido,229
403,Kagadi,229
399,Kakumiro,229
405,Kalangala,229
398,Kaliro,229
394,Kalungu,229
382,Kampala,229
334,Kamuli,229
360,Kamwenge,229
373,Kanungu,229
432,Kapchorwa,229
440,Kasese,229
420,Katakwi,229
368,Kayunga,229
436,Kibaale,229
347,Kiboga,229
338,Kibuku,229
355,Kiruhura,229
346,Kiryandongo,229
409,Kisoro,229
348,Kitgum,229
345,Koboko,229
401,Kole,229
443,Kotido,229
425,Kumi,229
369,Kween,229
325,Kyankwanzi,229
437,Kyegegwa,229
402,Kyenjojo,229
448,Kyotera,229
411,Lamwo,229
342,Lira,229
445,Luuka,229
433,Luwero,229
417,Lwengo,229
376,Lyantonde,229
438,Manafwa,229
421,Maracha,229
356,Masaka,229
354,Masindi,229
418,Mayuge,229
350,Mbale,229
415,Mbarara,229
435,Mitooma,229
364,Mityana,229
395,Moroto,229
363,Moyo,229
327,Mpigi,229
371,Mubende,229
410,Mukono,229
393,Nakapiripirit,229
423,Nakaseke,229
406,Nakasongola,229
351,Namayingo,229
400,Namisindwa,229
337,Namutumba,229
430,Napak,229
446,Nebbi,229
424,Ngora,229
332,Northern,229
422,Ntoroko,229
404,Ntungamo,229
378,Nwoya,229
374,Omoro,229
390,Otuke,229
397,Oyam,229
408,Pader,229
357,Pakwach,229
412,Pallisa,229
439,Rakai,229
358,Rubanda,229
442,Rubirizi,229
331,Rukiga,229
324,Rukungiri,229
427,Sembabule,229
333,Serere,229
407,Sheema,229
429,Sironko,229
444,Soroti,229
359,Tororo,229
362,Wakiso,229
370,Western,229
330,Yumbe,229
379,Zombo,229
4689,Autonomous Republic of Crimea,230
4680,Cherkaska oblast,230
4692,Chernihivska oblast,230
4678,Chernivetska oblast,230
4675,Dnipropetrovska oblast,230
4691,Donetska oblast,230
4682,Ivano-Frankivska oblast,230
4686,Kharkivska oblast,230
4684,Khersonska oblast,230
4681,Khmelnytska oblast,230
4677,Kirovohradska oblast,230
4676,Kyiv,230
4671,Kyivska oblast,230
4673,Luhanska oblast,230
4672,Lvivska oblast,230
4679,Mykolaivska oblast,230
4688,Odeska oblast,230
5071,Poltavska oblast,230
4683,Rivnenska oblast,230
1912,Sevastopol,230
4685,Sumska oblast,230
4674,Ternopilska oblast,230
4669,Vinnytska oblast,230
4690,Volynska oblast,230
4670,Zakarpatska Oblast,230
4687,Zaporizka oblast,230
4668,Zhytomyrska oblast,230
3396,Abu Dhabi,231
3395,Ajman,231
3391,Dubai,231
3393,Fujairah,231
3394,Ras al-Khaimah,231
3390,Sharjah,231
3392,Umm al-Quwain,231
2463,Aberdeen,232
2401,Aberdeenshire,232
2387,Angus,232
2533,Antrim,232
2412,Antrim and Newtownabbey,232
2498,Ards,232
2523,Ards and North Down,232
2392,Argyll and Bute,232
2331,Armagh,232
2324,"Armagh, Banbridge and Craigavon",232
2378,Ascension Island,232
2363,Ballymena,232
2361,Ballymoney,232
2315,Banbridge,232
2356,Barking and Dagenham,232
2520,Barnet,232
2499,Barnsley,232
2339,Bath and North East Somerset,232
2507,Bedford,232
2311,Belfast,232
2307,Bexley,232
2425,Birmingham,232
2329,Blackburn with Darwen,232
2451,Blackpool,232
2530,Blaenau Gwent,232
2504,Bolton,232
2342,Bournemouth,232
2470,Bracknell Forest,232
2529,Bradford,232
2291,Brent,232
2452,Bridgend,232
2395,Brighton and Hove,232
2413,Bristol,232
2490,Bromley,232
2405,Buckinghamshire,232
2459,Bury,232
2298,Caerphilly,232
2517,Calderdale,232
2423,Cambridgeshire,232
2349,Camden,232
2528,Cardiff,232
2484,Carmarthenshire,232
2439,Carrickfergus,232
2525,Castlereagh,232
2316,Causeway Coast and Glens,232
2303,Central Bedfordshire,232
2509,Ceredigion,232
2444,Cheshire East,232
2442,Cheshire West and Chester,232
2475,City of Kingston upon Hull,232
2294,City of Southampton,232
2450,Clackmannanshire,232
2461,Coleraine,232
2352,Conwy,232
2445,Cookstown,232
2312,Cornwall,232
2438,Coventry,232
2449,Craigavon,232
2512,Croydon,232
2334,Cumbria,232
2389,Darlington,232
2497,Denbighshire,232
2485,Derby,232
2403,Derbyshire,232
2417,Derry,232
2446,Derry City and Strabane,232
2491,Devon,232
2364,Doncaster,232
2345,Dorset,232
2304,Down District Council,232
2457,Dudley,232
2415,Dumfries and Galloway,232
2511,Dundee,232
2508,Dungannon and South Tyrone,232
2406,Durham,232
2532,Ealing,232
2374,East Ayrshire,232
2454,East Dunbartonshire,232
2462,East Lothian,232
2333,East Renfrewshire,232
2370,East Riding of Yorkshire,232
2414,East Sussex,232
2428,Edinburgh,232
2476,Enfield,232
2336,England,232
2410,Essex,232
2344,Falkirk,232
2531,Fermanagh,232
2366,Fermanagh and Omagh,232
2479,Fife,232
2437,Flintshire,232
2431,Gateshead,232
2404,Glasgow,232
2373,Gloucestershire,232
2492,Greenwich,232
2379,Gwynedd,232
2411,Hackney,232
2466,Halton,232
2448,Hammersmith and Fulham,232
2435,Hampshire,232
2306,Haringey,232
2385,Harrow,232
2309,Hartlepool,232
2347,Havering,232
2500,Herefordshire,232
2369,Hertfordshire,232
2383,Highland,232
2376,Hillingdon,232
2380,Hounslow,232
2388,Inverclyde,232
2289,Isle of Wight,232
2343,Isles of Scilly,232
2319,Islington,232
2368,Kensington and Chelsea,232
2464,Kent,232
2481,Kingston upon Thames,232
2371,Kirklees,232
2330,Knowsley,232
2396,Lambeth,232
2495,Lancashire,232
2515,Larne,232
2503,Leeds,232
2318,Leicester,232
2516,Leicestershire,232
2358,Lewisham,232
2382,Limavady,232
2355,Lincolnshire,232
2494,Lisburn,232
2460,Lisburn and Castlereagh,232
2340,Liverpool,232
2424,London,232
2322,Magherafelt,232
2398,Manchester,232
2381,Medway,232
2328,Merthyr Tydfil,232
2483,Merton,232
2429,Mid and East Antrim,232
2399,Mid Ulster,232
2332,Middlesbrough,232
2519,Midlothian,232
2416,Milton Keynes,232
2402,Monmouthshire,232
2360,Moray,232
2348,Moyle,232
2351,Neath Port Talbot,232
2458,Newcastle upon Tyne,232
2418,Newham,232
2524,Newport,232
2350,Newry and Mourne,232
2534,"Newry, Mourne and Down",232
2317,Newtownabbey,232
2473,Norfolk,232
2535,North Ayrshire,232
2513,North Down,232
2384,North East Lincolnshire,232
2487,North Lanarkshire,232
2453,North Lincolnshire,232
2430,North Somerset,232
2521,North Tyneside,232
2522,North Yorkshire,232
2480,Northamptonshire,232
2337,Northern Ireland,232
2365,Northumberland,232
2359,Nottingham,232
2456,Nottinghamshire,232
2477,Oldham,232
2314,Omagh,232
2474,Orkney Islands,232
2353,Outer Hebrides,232
2321,Oxfordshire,232
2486,Pembrokeshire,232
2325,Perth and Kinross,232
2297,Peterborough,232
2514,Plymouth,232
2302,Poole,232
2305,Portsmouth,232
2441,Powys,232
2455,Reading,232
2397,Redbridge,232
2527,Redcar and Cleveland,232
2443,Renfrewshire,232
2301,Rhondda Cynon Taf,232
2501,Richmond upon Thames,232
2327,Rochdale,232
2308,Rotherham,232
2472,Rutland,232
2502,Saint Helena,232
2493,Salford,232
2341,Sandwell,232
2335,Scotland,232
2346,Scottish Borders,232
2518,Sefton,232
2295,Sheffield,232
2300,Shetland Islands,232
2407,Shropshire,232
2427,Slough,232
2469,Solihull,232
2386,Somerset,232
2377,South Ayrshire,232
2400,South Gloucestershire,232
2362,South Lanarkshire,232
2409,South Tyneside,232
2323,Southend-on-Sea,232
2432,Southwark,232
2290,St Helens,232
2447,Staffordshire,232
2488,Stirling,232
2394,Stockport,232
2421,Stockton-on-Tees,232
2506,Stoke-on-Trent,232
2393,Strabane,232
2467,Suffolk,232
2372,Sunderland,232
2526,Surrey,232
2313,Sutton,232
2433,Swansea,232
2422,Swindon,232
2367,Tameside,232
2310,Telford and Wrekin,232
2468,Thurrock,232
2478,Torbay,232
2496,Torfaen,232
2390,Tower Hamlets,232
2293,Trafford,232
2375,United Kingdom,232
2299,Vale of Glamorgan,232
2465,Wakefield,232
2338,Wales,232
2292,Walsall,232
2326,Waltham Forest,232
2434,Wandsworth,232
2420,Warrington,232
2505,Warwickshire,232
2471,West Berkshire,232
2440,West Dunbartonshire,232
2354,West Lothian,232
2296,West Sussex,232
2357,Westminster,232
2320,Wigan,232
2391,Wiltshire,232
2482,Windsor and Maidenhead,232
2408,Wirral,232
2419,Wokingham,232
2489,Wolverhampton,232
2510,Worcestershire,232
2436,Wrexham,232
2426,York,232
1456,Alabama,233
1400,Alaska,233
1424,American Samoa,233
1434,Arizona,233
1444,Arkansas,233
1402,Baker Island,233
1416,California,233
1450,Colorado,233
1435,Connecticut,233
1399,Delaware,233
1437,District of Columbia,233
1436,Florida,233
1455,Georgia,233
1412,Guam,233
1411,Hawaii,233
1398,Howland Island,233
1460,Idaho,233
1425,Illinois,233
1440,Indiana,233
1459,Iowa,233
1410,Jarvis Island,233
1428,Johnston Atoll,233
1406,Kansas,233
1419,Kentucky,233
1403,Kingman Reef,233
1457,Louisiana,233
1453,Maine,233
1401,Maryland,233
1433,Massachusetts,233
1426,Michigan,233
1438,Midway Atoll,233
1420,Minnesota,233
1430,Mississippi,233
1451,Missouri,233
1446,Montana,233
1439,Navassa Island,233
1408,Nebraska,233
1458,Nevada,233
1404,New Hampshire,233
1417,New Jersey,233
1423,New Mexico,233
1452,New York,233
1447,North Carolina,233
1418,North Dakota,233
1431,Northern Mariana Islands,233
4851,Ohio,233
1421,Oklahoma,233
1415,Oregon,233
1448,Palmyra Atoll,233
1422,Pennsylvania,233
1449,Puerto Rico,233
1461,Rhode Island,233
1443,South Carolina,233
1445,South Dakota,233
1454,Tennessee,233
1407,Texas,233
1432,United States Minor Outlying Islands,233
1413,United States Virgin Islands,233
1414,Utah,233
1409,Vermont,233
1427,Virginia,233
1405,Wake Island,233
1462,Washington,233
1429,West Virginia,233
1441,Wisconsin,233
1442,Wyoming,233
5212,Baker Island,234
5213,Howland Island,234
5214,Jarvis Island,234
5215,Johnston Atoll,234
5216,Kingman Reef,234
5217,Midway Islands,234
5218,Navassa Island,234
5219,Palmyra Atoll,234
5220,Wake Island,234
3205,Artigas,235
3213,Canelones,235
3211,Cerro Largo,235
3208,Colonia,235
3209,Durazno,235
3203,Flores,235
3217,Florida,235
3215,Lavalleja,235
3206,Maldonado,235
3218,Montevideo,235
3212,Paysandú,235
3210,Río Negro,235
3207,Rivera,235
3216,Rocha,235
3220,Salto,235
3204,San José,235
3219,Soriano,235
3221,Tacuarembó,235
3214,Treinta y Tres,235
2540,Andijan,236
2541,Bukhara,236
2538,Fergana,236
2545,Jizzakh,236
2548,Karakalpakstan,236
2537,Namangan,236
2542,Navoiy,236
2543,Qashqadaryo,236
2544,Samarqand,236
2547,Sirdaryo,236
2546,Surxondaryo,236
2536,Tashkent,236
2549,Tashkent,236
2539,Xorazm,236
4775,Malampa,237
4773,Penama,237
4776,Sanma,237
4774,Shefa,237
4777,Tafea,237
4772,Torba,237
2044,Amazonas,239
2050,Anzoátegui,239
4856,Apure,239
2047,Aragua,239
2049,Barinas,239
2039,Bolívar,239
2040,Carabobo,239
2034,Cojedes,239
2051,Delta Amacuro,239
4855,Distrito Capital,239
2035,Falcón,239
2045,Guárico,239
2055,La Guaira,239
2038,Lara,239
2053,Mérida,239
2037,Miranda,239
2054,Monagas,239
2052,Nueva Esparta,239
2036,Portuguesa,239
2056,Sucre,239
2048,Táchira,239
2043,Trujillo,239
2046,Venezuela,239
2041,Yaracuy,239
2042,Zulia,239
3794,An Giang,240
3770,Bà Rịa-Vũng Tàu,240
3815,Bắc Giang,240
3822,Bắc Kạn,240
3804,Bạc Liêu,240
3791,Bắc Ninh,240
3796,Bến Tre,240
3785,Bình Dương,240
3830,Bình Định,240
3797,Bình Phước,240
3787,Bình Thuận,240
3778,Cà Mau,240
4925,Cần Thơ,240
3782,Cao Bằng,240
3806,Đà Nẵng,240
3829,Đắk Lắk,240
3823,Đắk Nông,240
3773,Điện Biên,240
3821,Đồng Nai,240
3769,Đồng Tháp,240
3813,Gia Lai,240
3779,Hà Giang,240
3802,Hà Nam,240
3810,Hà Nội,240
3816,Hà Tĩnh,240
3827,Hải Dương,240
3783,Hải Phòng,240
3777,Hậu Giang,240
3811,Hồ Chí Minh,240
3799,Hòa Bình,240
3768,Hưng Yên,240
3793,Khánh Hòa,240
3800,Kiên Giang,240
3772,Kon Tum,240
3825,Lai Châu,240
3818,Lâm Đồng,240
3792,Lạng Sơn,240
3817,Lào Cai,240
3808,Long An,240
3789,Nam Định,240
3780,Nghệ An,240
3786,Ninh Bình,240
3788,Ninh Thuận,240
3801,Phú Thọ,240
3824,Phú Yên,240
3809,Quảng Bình,240
3776,Quảng Nam,240
3828,Quảng Ngãi,240
3814,Quảng Ninh,240
3803,Quảng Trị,240
3819,Sóc Trăng,240
3812,Sơn La,240
3826,Tây Ninh,240
3775,Thái Bình,240
3807,Thái Nguyên,240
3771,Thanh Hóa,240
3798,Thừa Thiên-Huế,240
3781,Tiền Giang,240
3805,Trà Vinh,240
3795,Tuyên Quang,240
3790,Vĩnh Long,240
3774,Vĩnh Phúc,240
3784,Yên Bái,240
5074,Saint Croix,242
5073,Saint John,242
5072,Saint Thomas,242
1242,'Adan,245
1250,'Amran,245
1237,Abyan,245
1240,Al Bayda',245
1241,Al Hudaydah,245
1243,Al Jawf,245
1251,Al Mahrah,245
1235,Al Mahwit,245
1232,Amanat Al Asimah,245
1246,Dhamar,245
1238,Hadhramaut,245
1244,Hajjah,245
1233,Ibb,245
1245,Lahij,245
1234,Ma'rib,245
1248,Raymah,245
1249,Saada,245
1236,Sana'a,245
1247,Shabwah,245
1239,Socotra,245
1231,Ta'izz,245
1986,Central,246
1984,Copperbelt,246
1991,Eastern,246
1987,Luapula,246
1988,Lusaka,246
1989,Muchinga,246
1982,Northern,246
1985,Northwestern,246
1990,Southern,246
1983,Western,246
1956,Bulawayo,247
1958,Harare,247
1959,Manicaland,247
1955,Mashonaland Central,247
1951,Mashonaland East,247
1953,Mashonaland West,247
1960,Masvingo,247
1954,Matabeleland North,247
1952,Matabeleland South,247
1957,Midlands,247
